q38	d239:0.0616,d263:0.0532,d036:0.0404,d138:0.0343,d294:0.0321,d056:0.0296,d161:0.0287,d277:0.0274,d229:0.0252,d118:0.0247,d067:0.0245,d066:0.0238,d317:0.0230,d039:0.0228,d270:0.0227,d258:0.0220,d051:0.0219,d058:0.0215,d312:0.0208,d011:0.0193,d311:0.0177,d255:0.0175,d325:0.0175,d260:0.0171,d031:0.0166,d109:0.0166,d235:0.0164,d296:0.0154,d095:0.0151,d331:0.0148,d151:0.0146,d305:0.0145,d169:0.0142,d250:0.0140,d284:0.0138,d236:0.0136,d096:0.0134,d225:0.0134,d132:0.0133,d302:0.0133,d155:0.0131,d082:0.0129,d092:0.0124,d183:0.0120,d180:0.0118,d025:0.0116,d084:0.0115,d249:0.0111,d035:0.0109,d122:0.0108,d280:0.0104,d043:0.0103,d078:0.0102,d198:0.0100,d102:0.0094,d224:0.0093,d197:0.0092,d190:0.0087,d124:0.0082,d176:0.0079,d075:0.0078,d129:0.0076,d062:0.0075,d130:0.0073,d182:0.0071,d059:0.0069,d247:0.0067,d243:0.0067,d110:0.0066,d316:0.0064,d192:0.0063,d142:0.0063,d010:0.0061,d221:0.0060,d266:0.0057,d196:0.0056,d052:0.0054,d117:0.0053,d226:0.0053,d108:0.0050,d246:0.0049,d327:0.0049,d215:0.0048,d008:0.0048,d141:0.0048,d282:0.0046,d232:0.0046,d044:0.0046,d070:0.0046,d290:0.0044,d091:0.0044,d113:0.0042,d081:0.0042,d003:0.0039,d048:0.0038,d099:0.0037,d037:0.0036,d207:0.0036,d303:0.0035,d045:0.0034,d126:0.0034,d223:0.0034,d202:0.0034,d063:0.0033,d148:0.0033,d089:0.0032,d127:0.0032,d278:0.0032,d046:0.0032,d288:0.0031,d216:0.0030,d210:0.0029,d093:0.0027,d024:0.0027,d009:0.0027,d213:0.0026,d133:0.0026,d264:0.0025,d022:0.0025,d123:0.0024,d201:0.0024,d040:0.0023,d050:0.0023,d080:0.0023,d219:0.0023,d301:0.0022,d251:0.0022,d237:0.0021,d028:0.0021,d013:0.0021,d209:0.0020,d287:0.0020,d001:0.0019,d281:0.0019,d274:0.0019,d030:0.0018,d131:0.0018,d083:0.0018,d135:0.0017,d320:0.0017,d170:0.0017,d076:0.0017,d308:0.0017,d240:0.0016,d323:0.0016,d073:0.0016,d200:0.0016,d205:0.0015,d121:0.0015,d286:0.0015,d085:0.0015,d087:0.0015,d195:0.0014,d015:0.0013,d164:0.0013,d079:0.0013,d042:0.0013,d241:0.0013,d038:0.0013,d193:0.0013,d203:0.0012
q37	d169:0.1601,d116:0.0671,d062:0.0329,d294:0.0236,d035:0.0219,d209:0.0211,d117:0.0182,d327:0.0167,d120:0.0167,d231:0.0151,d141:0.0120
q23	d219:0.5567,d276:0.0705,d287:0.0316,d176:0.0277,d223:0.0246,d145:0.0190,d323:0.0183,d319:0.0180,d026:0.0164,d057:0.0147,d067:0.0131,d199:0.0127,d014:0.0121,d169:0.0118,d197:0.0114,d179:0.0100,d158:0.0088,d084:0.0085,d315:0.0078,d013:0.0066,d078:0.0064,d104:0.0063,d150:0.0060,d105:0.0060,d207:0.0058,d004:0.0057,d188:0.0055,d253:0.0053,d108:0.0053,d296:0.0051,d314:0.0050,d137:0.0050,d005:0.0050,d021:0.0049,d227:0.0049,d017:0.0047,d141:0.0046,d195:0.0046,d109:0.0042,d168:0.0042,d157:0.0041,d118:0.0041,d049:0.0040,d324:0.0039,d003:0.0035,d271:0.0030,d007:0.0026,d221:0.0024,d245:0.0023,d103:0.0021,d318:0.0020,d228:0.0020,d064:0.0020,d180:0.0020,d058:0.0019,d029:0.0019,d215:0.0019,d290:0.0017,d107:0.0017,d248:0.0017,d204:0.0017,d172:0.0017,d019:0.0016,d173:0.0016,d153:0.0016,d222:0.0016,d128:0.0016,d255:0.0014,d117:0.0014,d143:0.0014,d018:0.0013,d298:0.0013,d063:0.0013,d225:0.0013,d327:0.0013,d211:0.0013,d185:0.0013,d322:0.0013,d218:0.0012,d200:0.0012,d224:0.0012,d077:0.0012,d129:0.0012,d210:0.0012,d119:0.0012,d055:0.0012,d186:0.0011,d236:0.0011,d164:0.0010,d052:0.0010,d234:0.0010,d043:0.0010,d316:0.0010,d263:0.0009,d047:0.0009,d040:0.0009,d232:0.0009,d070:0.0009,d050:0.0009,d102:0.0009,d291:0.0009,d230:0.0009,d106:0.0009,d163:0.0008,d313:0.0008,d002:0.0008,d237:0.0008,d142:0.0008,d300:0.0008,d273:0.0008,d198:0.0008,d023:0.0008,d309:0.0008,d001:0.0008,d266:0.0007,d281:0.0007,d196:0.0007,d297:0.0007,d061:0.0007,d279:0.0007,d037:0.0007,d190:0.0007,d317:0.0007,d101:0.0007,d083:0.0007,d226:0.0007,d238:0.0007,d233:0.0007,d045:0.0007,d126:0.0007,d202:0.0007,d285:0.0007,d277:0.0007,d161:0.0007,d191:0.0006,d243:0.0006,d302:0.0006,d306:0.0006,d160:0.0006,d278:0.0006,d046:0.0006,d284:0.0006,d166:0.0006,d020:0.0006,d330:0.0006,d134:0.0006,d307:0.0006,d205:0.0006,d121:0.0006,d286:0.0006,d152:0.0006,d162:0.0006,d085:0.0006,d229:0.0006,d216:0.0006,d149:0.0006,d144:0.0006,d214:0.0006,d024:0.0005,d079:0.0005,d042:0.0005,d194:0.0005,d249:0.0005,d304:0.0005,d139:0.0005,d328:0.0005,d244:0.0005,d136:0.0005,d203:0.0005,d080:0.0005,d294:0.0005,d293:0.0004,d184:0.0004
q10	d060:0.0402,d036:0.0346,d231:0.0345,d100:0.0314,d052:0.0212,d034:0.0171,d072:0.0140,d031:0.0128,d030:0.0124,d091:0.0108,d281:0.0104,d221:0.0099,d215:0.0096,d092:0.0095,d314:0.0093,d079:0.0088,d233:0.0086,d285:0.0084,d099:0.0083,d305:0.0082,d235:0.0076,d294:0.0076,d085:0.0075,d170:0.0074,d068:0.0071,d288:0.0069,d142:0.0068,d069:0.0061,d220:0.0060,d035:0.0058,d295:0.0058,d042:0.0058,d113:0.0058,d064:0.0056,d124:0.0055,d076:0.0054,d040:0.0052,d059:0.0051,d114:0.0050,d279:0.0050,d217:0.0050,d122:0.0049,d258:0.0048,d212:0.0045,d313:0.0044,d282:0.0043,d330:0.0043,d109:0.0042,d198:0.0041,d117:0.0039,d201:0.0039,d202:0.0038,d093:0.0037,d024:0.0037,d308:0.0037,d246:0.0037,d327:0.0036,d194:0.0035,d118:0.0035,d012:0.0035,d020:0.0035,d254:0.0035,d044:0.0034,d244:0.0034,d010:0.0033,d323:0.0033,d263:0.0033,d041:0.0032,d026:0.0032,d077:0.0031,d179:0.0031,d283:0.0030,d048:0.0030,d256:0.0029,d125:0.0029,d165:0.0029,d058:0.0025,d029:0.0025,d151:0.0025,d137:0.0024,d268:0.0024,d152:0.0023,d329:0.0023,d167:0.0023,d054:0.0023,d260:0.0022,d192:0.0022,d172:0.0022,d021:0.0021,d057:0.0021,d001:0.0020,d159:0.0019,d065:0.0019,d130:0.0019,d325:0.0019,d154:0.0018,d071:0.0018,d018:0.0018,d223:0.0018,d132:0.0017,d322:0.0016,d205:0.0016,d216:0.0015,d095:0.0015,d177:0.0015,d214:0.0015,d271:0.0014,d066:0.0014,d009:0.0014,d015:0.0014,d289:0.0013,d168:0.0013,d328:0.0013,d264:0.0013,d316:0.0013,d022:0.0013,d310:0.0013,d280:0.0012,d232:0.0012,d141:0.0012,d203:0.0012,d219:0.0012,d319:0.0012,d291:0.0012,d230:0.0011,d301:0.0011,d299:0.0011,d110:0.0011,d086:0.0011,d312:0.0011,d248:0.0011,d204:0.0011,d237:0.0011,d081:0.0011,d209:0.0011,d146:0.0010,d273:0.0010,d174:0.0010,d171:0.0010,d023:0.0010,d074:0.0010,d061:0.0010,d255:0.0009,d331:0.0009,d190:0.0009,d056:0.0009,d131:0.0009,d101:0.0009,d135:0.0009,d045:0.0009,d320:0.0009,d126:0.0009,d303:0.0009,d259:0.0009,d063:0.0008,d247:0.0008,d148:0.0008,d240:0.0008,d211:0.0008,d185:0.0008,d014:0.0008,d073:0.0008,d046:0.0008,d218:0.0008,d307:0.0008,d097:0.0008,d027:0.0008,d129:0.0008,d229:0.0008,d138:0.0008,d055:0.0008,d107:0.0008,d016:0.0008,d115:0.0007,d144:0.0007,d257:0.0007,d250:0.0007,d173:0.0007,d025:0.0007,d199:0.0007,d234:0.0007,d241:0.0007,d249:0.0007,d133:0.0007,d193:0.0007,d039:0.0006,d262:0.0006,d136:0.0006,d324:0.0006,d080:0.0006,d175:0.0006,d251:0.0006,d017:0.0005,d293:0.0005,d003:0.0005
q16	d184:0.1353,d132:0.1217,d250:0.0902,d176:0.0798,d277:0.0685,d239:0.0524,d081:0.0512,d095:0.0497,d229:0.0372,d156:0.0336,d078:0.0325,d279:0.0306,d056:0.0294,d034:0.0280,d191:0.0269,d150:0.0249,d096:0.0237,d024:0.0226,d236:0.0224,d280:0.0196,d329:0.0188,d086:0.0183,d301:0.0180,d158:0.0176,d295:0.0172,d060:0.0154,d297:0.0151,d083:0.0148,d190:0.0147,d071:0.0147,d306:0.0136,d076:0.0136,d169:0.0133,d254:0.0131,d097:0.0128,d077:0.0128,d152:0.0127,d235:0.0125,d231:0.0123,d147:0.0122,d138:0.0120,d182:0.0113,d021:0.0112,d165:0.0108,d133:0.0108,d049:0.0104,d143:0.0093,d293:0.0085
q09	d199:0.2452,d198:0.1404,d217:0.0753,d177:0.0677,d223:0.0667,d220:0.0453,d085:0.0363,d052:0.0318,d069:0.0303,d205:0.0301,d299:0.0296,d330:0.0291,d169:0.0219,d175:0.0209,d065:0.0200,d016:0.0196,d086:0.0176,d068:0.0175,d312:0.0173,d211:0.0173,d323:0.0172,d172:0.0170,d273:0.0163,d186:0.0147,d233:0.0140,d116:0.0137,d089:0.0131,d073:0.0128,d219:0.0122,d162:0.0121,d041:0.0116,d021:0.0110,d256:0.0104,d071:0.0094,d202:0.0091,d284:0.0085,d286:0.0082,d221:0.0081,d087:0.0080,d231:0.0079,d179:0.0075,d038:0.0069,d029:0.0065,d008:0.0065,d294:0.0061,d192:0.0057,d272:0.0056,d081:0.0056,d072:0.0056,d078:0.0053,d061:0.0050,d122:0.0048,d259:0.0045,d170:0.0045,d308:0.0044,d240:0.0044,d111:0.0043,d166:0.0042,d254:0.0042,d268:0.0041,d097:0.0041,d010:0.0040,d100:0.0040,d055:0.0039,d115:0.0039,d214:0.0039,d257:0.0037,d234:0.0035,d194:0.0035,d193:0.0034,d328:0.0034,d244:0.0033,d098:0.0030,d251:0.0029,d158:0.0028
q32	d090:0.2705,d025:0.1966,d067:0.1283,d139:0.1019,d031:0.0514,d145:0.0432,d092:0.0370,d140:0.0342,d305:0.0288,d254:0.0284,d282:0.0268,d015:0.0255,d324:0.0233,d141:0.0222,d011:0.0203,d172:0.0202,d072:0.0200,d059:0.0198,d317:0.0172,d222:0.0171,d083:0.0169,d226:0.0168,d060:0.0163,d279:0.0157,d284:0.0152,d018:0.0148,d235:0.0147,d105:0.0144,d006:0.0133,d268:0.0132,d252:0.0129,d053:0.0125,d314:0.0120,d227:0.0117,d042:0.0112,d262:0.0106,d184:0.0087,d271:0.0081
q06	d297:0.5410,d329:0.4630,d026:0.2598,d029:0.1324,d025:0.1196,d233:0.0883,d257:0.0817,d069:0.0313,d023:0.0305,d166:0.0245,d154:0.0208,d302:0.0207,d004:0.0202,d012:0.0200,d077:0.0194,d211:0.0187,d215:0.0187,d186:0.0174,d139:0.0161,d021:0.0159,d060:0.0146,d303:0.0140,d225:0.0127,d208:0.0124,d265:0.0122,d134:0.0120,d245:0.0115,d231:0.0114,d220:0.0104,d236:0.0104,d070:0.0089,d319:0.0087,d270:0.0086,d110:0.0085,d163:0.0083,d237:0.0082,d192:0.0082,d081:0.0081,d209:0.0079,d128:0.0077,d104:0.0076,d003:0.0074,d061:0.0072,d034:0.0067,d018:0.0066,d202:0.0066,d170:0.0065,d212:0.0064,d247:0.0064,d046:0.0062,d044:0.0060,d205:0.0060,d305:0.0058,d129:0.0058,d087:0.0058,d041:0.0056,d199:0.0051,d079:0.0051,d052:0.0051,d234:0.0051,d116:0.0049,d033:0.0049,d193:0.0049,d039:0.0048,d262:0.0048,d294:0.0044,d098:0.0043,d251:0.0042
q44	d029:0.1757,d105:0.1348,d239:0.0934,d185:0.0656,d164:0.0604,d254:0.0520,d085:0.0409,d246:0.0358,d314:0.0303,d126:0.0279,d148:0.0267,d193:0.0253,d182:0.0216,d167:0.0173,d067:0.0170,d060:0.0168,d059:0.0167,d073:0.0159,d117:0.0157,d003:0.0157,d071:0.0155,d215:0.0152,d191:0.0147,d130:0.0142,d271:0.0142,d046:0.0141,d170:0.0136,d267:0.0134,d325:0.0132,d181:0.0131,d278:0.0125,d305:0.0123,d252:0.0122,d203:0.0122,d016:0.0119,d139:0.0113,d304:0.0111,d055:0.0107,d042:0.0106,d262:0.0096,d184:0.0082,d048:0.0077,d162:0.0066,d205:0.0051,d177:0.0049,d155:0.0047,d247:0.0045,d024:0.0044,d220:0.0044,d199:0.0043,d064:0.0041,d331:0.0040,d253:0.0036,d091:0.0036,d116:0.0035,d020:0.0034,d224:0.0034,d095:0.0032,d138:0.0032,d066:0.0030,d236:0.0029,d043:0.0028,d051:0.0028,d169:0.0027,d011:0.0026,d268:0.0025,d329:0.0025,d230:0.0024,d041:0.0024,d313:0.0023,d192:0.0023,d146:0.0022,d109:0.0021,d189:0.0021,d159:0.0021,d154:0.0020,d135:0.0019,d294:0.0019,d108:0.0018,d089:0.0018,d306:0.0018,d323:0.0018,d014:0.0017,d111:0.0017,d166:0.0017,d097:0.0017,d077:0.0017,d150:0.0017,d197:0.0016,d087:0.0016,d245:0.0016,d210:0.0016,d096:0.0016,d092:0.0016,d186:0.0015,d276:0.0014,d194:0.0014,d303:0.0014,d058:0.0014,d123:0.0013,d310:0.0013,d280:0.0013,d263:0.0013,d151:0.0013,d047:0.0013,d141:0.0013,d102:0.0013,d219:0.0012,d291:0.0012,d270:0.0012,d301:0.0012,d110:0.0012,d054:0.0012,d251:0.0012,d086:0.0012,d312:0.0012,d204:0.0012,d113:0.0012,d272:0.0011,d142:0.0011,d019:0.0011,d300:0.0011,d293:0.0011,d088:0.0011,d198:0.0011,d222:0.0011,d023:0.0011,d074:0.0011,d001:0.0011,d266:0.0010,d196:0.0010,d069:0.0010,d065:0.0010,d297:0.0010,d061:0.0010,d037:0.0010,d131:0.0010,d207:0.0010,d103:0.0010,d101:0.0010,d259:0.0009,d277:0.0009,d308:0.0009,d161:0.0009,d132:0.0009,d327:0.0009,d302:0.0009,d218:0.0009,d004:0.0009,d265:0.0009,d134:0.0008,d044:0.0008,d121:0.0008,d032:0.0008,d152:0.0008,d129:0.0008,d231:0.0008,d107:0.0008,d283:0.0008,d144:0.0008,d026:0.0008,d257:0.0008,d179:0.0008,d250:0.0008,d015:0.0007,d079:0.0007,d052:0.0007,d068:0.0007,d241:0.0007,d256:0.0007,d125:0.0007,d249:0.0007,d328:0.0007,d049:0.0007,d098:0.0006,d258:0.0006,d017:0.0006,d190:0.0005
q14	d145:0.1676,d121:0.0743,d081:0.0693,d041:0.0692,d091:0.0662,d002:0.0643,d122:0.0627,d180:0.0579,d030:0.0569,d093:0.0553,d142:0.0543,d247:0.0539,d117:0.0537,d133:0.0469,d082:0.0434,d209:0.0404,d022:0.0399,d125:0.0397,d144:0.0382,d136:0.0376,d280:0.0369,d242:0.0356,d052:0.0334,d005:0.0316,d085:0.0316,d075:0.0313,d277:0.0312,d062:0.0302,d130:0.0293,d094:0.0285,d069:0.0264,d299:0.0257,d330:0.0254,d314:0.0223,d104:0.0201,d169:0.0191,d031:0.0189,d089:0.0186,d175:0.0182,d065:0.0174,d016:0.0171,d115:0.0161,d181:0.0159,d086:0.0153,d068:0.0152,d312:0.0151,d211:0.0150,d323:0.0149,d172:0.0148,d229:0.0147,d192:0.0142,d273:0.0142,d288:0.0137,d308:0.0135,d025:0.0132,d186:0.0128,d233:0.0121,d116:0.0119,d174:0.0116,d073:0.0112,d219:0.0106,d162:0.0106,d254:0.0105,d097:0.0103,d238:0.0103,d110:0.0097,d021:0.0096,d256:0.0091,d023:0.0087,d071:0.0082,d223:0.0080,d202:0.0079,d131:0.0079,d284:0.0074,d286:0.0071,d221:0.0071,d087:0.0070,d231:0.0069,d143:0.0067,d179:0.0065,d147:0.0064,d038:0.0060,d293:0.0059,d029:0.0056,d008:0.0056,d294:0.0053,d272:0.0049,d072:0.0049,d198:0.0047,d078:0.0046,d061:0.0043,d259:0.0039,d170:0.0039,d240:0.0038,d111:0.0037,d166:0.0037,d205:0.0036,d268:0.0036,d010:0.0035,d100:0.0034,d055:0.0034,d214:0.0034,d257:0.0033,d234:0.0030,d194:0.0030,d193:0.0030,d328:0.0029,d244:0.0029,d098:0.0026,d251:0.0026,d158:0.0024
q25	d166:0.2712,d020:0.1708,d328:0.1564,d156:0.1285,d128:0.1233,d023:0.1227,d265:0.0978,d167:0.0518,d245:0.0463,d247:0.0255,d211:0.0251,d032:0.0238
q46	d145:0.1673,d013:0.1048,d321:0.1020,d133:0.0920,d121:0.0868,d122:0.0789,d081:0.0754,d041:0.0690,d091:0.0680,d030:0.0665,d093:0.0646,d156:0.0598,d066:0.0596,d082:0.0508,d002:0.0508,d180:0.0486,d022:0.0467,d125:0.0464,d144:0.0447,d136:0.0439,d094:0.0435,d280:0.0432,d117:0.0424,d142:0.0395,d247:0.0373,d005:0.0370,d075:0.0366,d062:0.0353,d130:0.0342,d188:0.0329,d088:0.0295,d171:0.0286,d314:0.0262,d242:0.0239,d104:0.0235,d105:0.0218,d150:0.0218,d009:0.0197,d097:0.0190,d181:0.0186,d277:0.0173,d219:0.0167,d288:0.0160,d115:0.0150,d153:0.0146,d174:0.0136,d325:0.0131,d178:0.0127,d051:0.0125,d238:0.0120,d215:0.0117,d110:0.0113,d308:0.0113,d077:0.0111,d152:0.0110,d192:0.0109,d023:0.0105,d131:0.0094,d157:0.0094,d168:0.0094,d089:0.0084,d254:0.0082,d143:0.0079,d147:0.0076,d293:0.0071,d052:0.0068,d190:0.0066,d146:0.0006,d272:0.0005,d076:0.0005,d213:0.0004,d320:0.0004,d315:0.0003,d214:0.0003,d223:0.0003,d312:0.0003,d267:0.0003,d151:0.0003,d231:0.0003,d329:0.0003,d330:0.0003,d155:0.0003,d313:0.0002,d172:0.0002,d028:0.0002,d018:0.0002,d064:0.0002,d198:0.0002,d275:0.0002,d073:0.0002,d208:0.0002,d201:0.0002,d004:0.0002,d159:0.0002,d274:0.0002,d199:0.0002,d205:0.0002,d217:0.0002,d229:0.0002,d245:0.0002,d301:0.0002,d113:0.0002,d169:0.0002,d120:0.0002,d220:0.0002,d236:0.0002,d323:0.0002,d292:0.0002,d012:0.0002,d289:0.0002,d189:0.0002,d167:0.0002,d228:0.0002,d268:0.0002,d060:0.0002,d069:0.0002,d099:0.0002,d058:0.0002,d056:0.0002,d195:0.0002,d154:0.0002,d103:0.0002,d011:0.0002,d233:0.0002,d202:0.0002,d114:0.0002,d175:0.0002,d270:0.0002,d015:0.0002,d068:0.0002,d256:0.0002,d106:0.0002,d239:0.0002,d249:0.0002,d048:0.0002,d046:0.0001,d204:0.0001,d020:0.0001,d316:0.0001,d134:0.0001,d044:0.0001,d027:0.0001,d221:0.0001,d129:0.0001,d087:0.0001,d124:0.0001,d100:0.0001,d107:0.0001,d283:0.0001,d074:0.0001,d176:0.0001,d065:0.0001,d098:0.0001,d182:0.0001,d186:0.0001,d331:0.0001,d317:0.0001,d017:0.0001,d234:0.0001,d194:0.0001,d304:0.0001,d116:0.0001,d303:0.0001,d264:0.0001,d244:0.0001,d191:0.0001,d049:0.0001,d327:0.0001,d302:0.0001,d240:0.0001,d306:0.0001,d211:0.0001,d185:0.0001,d160:0.0001,d322:0.0001,d111:0.0001,d047:0.0001,d235:0.0001,d050:0.0001,d006:0.0001,d319:0.0001,d291:0.0001,d010:0.0001,d138:0.0001,d183:0.0001,d086:0.0001,d261:0.0001,d248:0.0001,d158:0.0001,d257:0.0001,d250:0.0001,d021:0.0001,d209:0.0001,d024:0.0001,d260:0.0001,d241:0.0001,d109:0.0001,d165:0.0001,d309:0.0001,d118:0.0001,d039:0.0001,d297:0.0001,d061:0.0001,d123:0.0001,d324:0.0001,d037:0.0001,d140:0.0001,d101:0.0001,d226:0.0001,d112:0.0001,d135:0.0001,d071:0.0001,d294:0.0001,d126:0.0001,d285:0.0001,d298:0.0001,d177:0.0001,d108:0.0001,d063:0.0001,d212:0.0001,d246:0.0001,d251:0.0001,d148:0.0001,d132:0.0001,d278:0.0001,d318:0.0001,d286:0.0001,d032:0.0001,d184:0.0001,d162:0.0001,d216:0.0001,d095:0.0001,d149:0.0001,d055:0.0001,d003:0.0001,d026:0.0001,d271:0.0001,d179:0.0001,d173:0.0001,d025:0.0001,d090:0.0001,d033:0.0001,d193:0.0001,d262:0.0001,d029:0.0001,d040:0.0001,d203:0.0001,d102:0.0001,d290:0.0001,d054:0.0001,d163:0.0001,d258:0.0001,d295:0.0000,d072:0.0000,d019:0.0000,d057:0.0000,d287:0.0000,d273:0.0000,d128:0.0000,d031:0.0000,d266:0.0000,d281:0.0000,d196:0.0000,d279:0.0000,d207:0.0000,d083:0.0000,d269:0.0000,d034:0.0000,d045:0.0000,d253:0.0000,d161:0.0000,d014:0.0000,d296:0.0000,d284:0.0000,d166:0.0000,d265:0.0000,d137:0.0000,d036:0.0000,d282:0.0000,d307:0.0000,d197:0.0000,d305:0.0000,d252:0.0000,d210:0.0000,d119:0.0000,d096:0.0000,d053:0.0000,d092:0.0000,d164:0.0000,d084:0.0000,d038:0.0000,d139:0.0000,d328:0.0000,d227:0.0000,d263:0.0000,d141:0.0000,d080:0.0000
q07	d146:0.1872,d289:0.1038,d004:0.0719,d123:0.0490,d034:0.0490,d266:0.0474,d042:0.0455,d098:0.0446,d117:0.0354,d234:0.0326,d113:0.0291,d165:0.0259,d155:0.0249,d153:0.0241,d151:0.0240,d284:0.0238,d287:0.0234,d282:0.0233,d044:0.0232,d078:0.0230,d247:0.0227,d062:0.0216,d262:0.0204,d211:0.0186,d140:0.0179,d033:0.0176,d149:0.0176,d253:0.0167,d011:0.0163,d139:0.0146,d057:0.0142,d074:0.0135,d255:0.0126,d083:0.0122,d240:0.0112,d301:0.0111,d137:0.0108,d163:0.0107,d150:0.0104,d305:0.0104,d252:0.0104,d087:0.0103,d293:0.0102,d088:0.0101,d115:0.0100,d031:0.0096,d060:0.0094,d271:0.0094,d157:0.0089,d071:0.0087,d323:0.0080,d143:0.0079,d200:0.0078,d129:0.0075,d158:0.0072,d179:0.0070,d084:0.0066,d263:0.0060
q04	d019:0.1594,d270:0.1370,d049:0.1126,d310:0.0749,d275:0.0739,d010:0.0689,d289:0.0401,d286:0.0350,d130:0.0256,d330:0.0246,d100:0.0224,d060:0.0184,d205:0.0158,d199:0.0153,d184:0.0153,d013:0.0153,d046:0.0151,d196:0.0140,d091:0.0138,d252:0.0135,d110:0.0131,d093:0.0128,d314:0.0127,d111:0.0112,d213:0.0111,d081:0.0102,d121:0.0097,d306:0.0096,d296:0.0094,d300:0.0092,d312:0.0090,d208:0.0089,d142:0.0088,d298:0.0083,d018:0.0078,d308:0.0076,d082:0.0074,d251:0.0069,d075:0.0068,d133:0.0067,d113:0.0065,d271:0.0064,d292:0.0063,d301:0.0063,d303:0.0062,d221:0.0062,d262:0.0060,d307:0.0059,d268:0.0059,d246:0.0058,d030:0.0058,d122:0.0056,d071:0.0055,d117:0.0055,d001:0.0055,d114:0.0055,d048:0.0054,d005:0.0054,d180:0.0053,d216:0.0052,d089:0.0052,d061:0.0051,d041:0.0051,d227:0.0051,d124:0.0048,d230:0.0047,d290:0.0046,d327:0.0046,d108:0.0046,d009:0.0046,d043:0.0045,d160:0.0045,d163:0.0045,d193:0.0044,d279:0.0044,d020:0.0044,d264:0.0044,d145:0.0042,d087:0.0042,d198:0.0042,d238:0.0042,d104:0.0041,d050:0.0040,d062:0.0039,d263:0.0038,d164:0.0038,d261:0.0038,d248:0.0037,d194:0.0037,d276:0.0036,d088:0.0035,d212:0.0034,d029:0.0034,d022:0.0034,d215:0.0034,d250:0.0033,d014:0.0033,d040:0.0033,d024:0.0033,d319:0.0032,d131:0.0032,d226:0.0031,d119:0.0031,d219:0.0031,d255:0.0031,d269:0.0030,d210:0.0030,d192:0.0030,d123:0.0030,d259:0.0029,d253:0.0029,d073:0.0028,d023:0.0028,d294:0.0028,d125:0.0027,d266:0.0027,d162:0.0026,d200:0.0026,d055:0.0026,d197:0.0025,d129:0.0025,d280:0.0025,d126:0.0024,d186:0.0024,d063:0.0023,d102:0.0023,d234:0.0023,d241:0.0023,d265:0.0022,d042:0.0022,d106:0.0022,d136:0.0021,d209:0.0021,d006:0.0021,d214:0.0020,d257:0.0020,d175:0.0019,d021:0.0019,d274:0.0019,d052:0.0019,d181:0.0018,d189:0.0018,d157:0.0018,d220:0.0018,d304:0.0018,d112:0.0018,d244:0.0018,d039:0.0018,d202:0.0017,d058:0.0017,d191:0.0017,d302:0.0016,d120:0.0016,d284:0.0016,d047:0.0016,d012:0.0016,d232:0.0016,d242:0.0016,d235:0.0016,d070:0.0016,d059:0.0016,d143:0.0016,d291:0.0015,d217:0.0015,d054:0.0015,d144:0.0015,d092:0.0015,d237:0.0014,d249:0.0013,d031:0.0013,d037:0.0012,d207:0.0012,d206:0.0012,d225:0.0011,d278:0.0011,d044:0.0010,d032:0.0010,d027:0.0010,d229:0.0010,d095:0.0010,d147:0.0010,d066:0.0009,d079:0.0009,d008:0.0008,d151:0.0008,d098:0.0008,d086:0.0007,d007:0.0007,d295:0.0007,d028:0.0007,d156:0.0007,d146:0.0007,d287:0.0007,d174:0.0007,d069:0.0006,d065:0.0006,d099:0.0006,d331:0.0006,d056:0.0006,d051:0.0006,d076:0.0006,d247:0.0006,d169:0.0006,d211:0.0005,d004:0.0005,d166:0.0005,d254:0.0005,d036:0.0005,d085:0.0005,d231:0.0005,d283:0.0005,d183:0.0005,d115:0.0005,d195:0.0005,d179:0.0005,d015:0.0005,d256:0.0004,d168:0.0004,d038:0.0004,d118:0.0004,d316:0.0004,d324:0.0004,d203:0.0004,d080:0.0004,d258:0.0004,d293:0.0003,d260:0.0003,d003:0.0003,d177:0.0002
q42	d298:0.4829,d314:0.0367,d125:0.0322,d218:0.0304,d048:0.0239,d174:0.0226,d224:0.0218,d216:0.0212,d208:0.0205,d241:0.0196,d203:0.0191,d069:0.0156,d043:0.0151,d227:0.0147,d156:0.0135,d062:0.0128,d168:0.0128,d280:0.0126,d155:0.0120,d276:0.0120,d146:0.0109,d202:0.0107,d252:0.0098,d084:0.0098,d268:0.0094,d198:0.0091,d122:0.0091,d195:0.0090,d222:0.0089,d010:0.0088,d196:0.0086,d260:0.0085,d061:0.0084,d264:0.0082,d089:0.0079,d116:0.0076,d041:0.0075,d236:0.0075,d207:0.0075,d300:0.0074,d114:0.0074,d024:0.0074,d215:0.0073,d248:0.0073,d148:0.0068,d078:0.0065,d247:0.0064,d312:0.0063,d161:0.0060,d273:0.0060,d167:0.0060,d327:0.0059,d265:0.0059,d083:0.0058,d001:0.0056,d126:0.0056,d099:0.0055,d076:0.0055,d191:0.0054,d210:0.0054,d256:0.0054,d144:0.0053,d073:0.0052,d286:0.0050,d188:0.0050,d020:0.0049,d259:0.0049,d119:0.0048,d049:0.0047,d299:0.0046,d159:0.0046,d007:0.0046,d163:0.0045,d111:0.0045,d303:0.0044,d162:0.0044,d154:0.0043,d022:0.0042,d091:0.0042,d128:0.0041,d008:0.0041,d277:0.0041,d257:0.0041,d085:0.0040,d070:0.0039,d258:0.0039,d100:0.0038,d118:0.0038,d011:0.0037,d103:0.0037,d087:0.0036,d245:0.0036,d320:0.0036,d251:0.0036,d081:0.0036,d072:0.0036,d170:0.0035,d092:0.0035,d123:0.0034,d211:0.0034,d205:0.0033,d051:0.0033,d175:0.0033,d006:0.0032,d249:0.0032,d255:0.0031,d055:0.0031,d283:0.0030,d220:0.0029,d285:0.0029,d199:0.0029,d135:0.0028,d064:0.0027,d157:0.0027,d270:0.0027,d110:0.0027,d033:0.0027,d108:0.0026,d331:0.0026,d328:0.0026,d221:0.0026,d014:0.0025,d189:0.0025,d201:0.0025,d088:0.0025,d253:0.0024,d023:0.0024,d065:0.0023,d294:0.0022,d037:0.0022,d131:0.0022,d182:0.0022,d095:0.0021,d316:0.0021,d138:0.0021,d267:0.0021,d040:0.0020,d066:0.0020,d319:0.0019,d032:0.0019,d193:0.0018,d261:0.0018,d172:0.0018,d028:0.0018,d169:0.0018,d292:0.0017,d309:0.0016,d329:0.0016,d060:0.0016,d230:0.0016,d068:0.0016,d279:0.0016,d304:0.0015,d056:0.0015,d313:0.0015,d192:0.0015,d071:0.0015,d018:0.0015,d180:0.0014,d109:0.0014,d177:0.0014,d098:0.0014,d137:0.0013,d235:0.0013,d105:0.0013,d053:0.0012,d214:0.0012,d094:0.0012,d306:0.0012,d185:0.0012,d323:0.0012,d166:0.0011,d097:0.0011,d077:0.0011,d150:0.0011,d197:0.0011,d096:0.0011,d186:0.0010,d143:0.0010,d194:0.0009,d058:0.0009,d158:0.0009,d310:0.0009,d029:0.0009,d263:0.0009,d151:0.0009,d184:0.0009,d047:0.0009,d141:0.0008,d102:0.0008,d219:0.0008,d291:0.0008,d301:0.0008,d054:0.0008,d086:0.0008,d204:0.0008,d113:0.0008,d272:0.0008,d142:0.0008,d019:0.0007,d293:0.0007,d074:0.0007,d266:0.0007,d297:0.0007,d130:0.0007,d101:0.0006,d308:0.0006,d132:0.0006,d302:0.0006,d278:0.0006,d004:0.0006,d134:0.0006,d044:0.0006,d121:0.0006,d152:0.0005,d129:0.0005,d231:0.0005,d107:0.0005,d026:0.0005,d179:0.0005,d250:0.0005,d015:0.0005,d079:0.0005,d052:0.0005,d262:0.0004,d017:0.0004,d271:0.0003,d190:0.0003
q17	d172:0.1321,d121:0.1188,d271:0.1053,d146:0.0944,d091:0.0749,d171:0.0409,d024:0.0405,d288:0.0389,d183:0.0377,d274:0.0156,d190:0.0151,d122:0.0148,d066:0.0142,d289:0.0134,d316:0.0117,d299:0.0114,d106:0.0112,d163:0.0111,d239:0.0111,d030:0.0096,d130:0.0094,d074:0.0082,d003:0.0080,d297:0.0077,d233:0.0072,d250:0.0071,d191:0.0069,d212:0.0069,d148:0.0068,d132:0.0068,d137:0.0065,d262:0.0064,d188:0.0063,d252:0.0063,d084:0.0055,d258:0.0045
q27	d103:0.0505,d051:0.0390,d166:0.0374,d054:0.0370,d136:0.0366,d066:0.0308,d067:0.0283,d132:0.0282,d107:0.0253,d291:0.0252,d058:0.0250,d316:0.0233,d187:0.0227,d227:0.0221,d159:0.0217,d293:0.0216,d074:0.0216,d116:0.0209,d029:0.0204,d211:0.0203,d083:0.0193,d064:0.0192,d158:0.0182,d033:0.0180,d109:0.0172,d056:0.0169,d152:0.0166,d017:0.0162,d300:0.0158,d209:0.0155,d085:0.0142,d161:0.0140,d139:0.0139,d251:0.0133,d094:0.0130,d174:0.0130,d292:0.0126,d164:0.0124,d231:0.0120,d145:0.0117,d222:0.0116,d023:0.0115,d030:0.0108,d130:0.0106,d243:0.0103,d238:0.0103,d215:0.0101,d101:0.0100,d027:0.0100,d002:0.0099,d143:0.0097,d108:0.0097,d075:0.0091,d014:0.0091,d005:0.0090,d150:0.0088,d015:0.0087,d079:0.0087,d102:0.0087,d210:0.0086,d042:0.0085,d119:0.0084,d290:0.0084,d199:0.0083,d304:0.0080,d296:0.0074,d141:0.0073,d281:0.0072,d274:0.0071,d162:0.0070,d255:0.0069,d325:0.0069,d269:0.0065,d167:0.0065,d170:0.0063,d077:0.0058,d055:0.0056,d080:0.0053,d276:0.0050,d271:0.0044,d299:0.0042,d237:0.0040,d156:0.0039,d311:0.0039,d088:0.0038,d198:0.0038,d279:0.0035,d018:0.0032,d259:0.0032,d306:0.0031,d322:0.0030,d012:0.0030,d020:0.0030,d282:0.0029,d330:0.0029,d197:0.0029,d129:0.0028,d283:0.0028,d016:0.0028,d026:0.0027,d195:0.0027,d179:0.0026,d173:0.0026,d194:0.0024,d318:0.0020,d184:0.0019
q34	d248:0.0589,d221:0.0133,d224:0.0118,d312:0.0108,d113:0.0093,d075:0.0089,d216:0.0086,d040:0.0085,d110:0.0083,d043:0.0082,d138:0.0081,d037:0.0080,d198:0.0079,d034:0.0073,d232:0.0069,d288:0.0068,d047:0.0067,d270:0.0066,d091:0.0065,d010:0.0063,d108:0.0063,d246:0.0062,d106:0.0061,d261:0.0061,d062:0.0059,d213:0.0058,d130:0.0057,d059:0.0054,d207:0.0054,d060:0.0053,d122:0.0053,d219:0.0050,d192:0.0050,d142:0.0049,d148:0.0049,d278:0.0048,d241:0.0047,d237:0.0047,d225:0.0046,d235:0.0046,d266:0.0045,d196:0.0045,d027:0.0043,d117:0.0042,d260:0.0042,d281:0.0042,d226:0.0042,d024:0.0040,d325:0.0040,d180:0.0039,d066:0.0039,d327:0.0038,d215:0.0038,d008:0.0038,d151:0.0038,d170:0.0037,d282:0.0037,d189:0.0037,d044:0.0036,d308:0.0036,d070:0.0036,d290:0.0035,d227:0.0035,d155:0.0034,d121:0.0034,d082:0.0033,d085:0.0033,d081:0.0033,d087:0.0033,d086:0.0031,d015:0.0029,d099:0.0029,d292:0.0028,d193:0.0028,d039:0.0027,d045:0.0027,d126:0.0027,d223:0.0027,d202:0.0027,d271:0.0027,d065:0.0026,d061:0.0026,d063:0.0026,d279:0.0026,d089:0.0026,d127:0.0026,d181:0.0025,d046:0.0025,d112:0.0025,d071:0.0025,d197:0.0024,d253:0.0024,d095:0.0023,d210:0.0023,d243:0.0023,d211:0.0023,d166:0.0022,d020:0.0022,d242:0.0022,d005:0.0022,d307:0.0022,d250:0.0022,d006:0.0022,d032:0.0022,d162:0.0021,d093:0.0021,d009:0.0021,d252:0.0021,d236:0.0021,d119:0.0021,d055:0.0021,d283:0.0021,d144:0.0020,d214:0.0020,d026:0.0020,d133:0.0020,d092:0.0020,d118:0.0020,d190:0.0020,d264:0.0020,d022:0.0020,d123:0.0019,d201:0.0019,d052:0.0019,d109:0.0018,d256:0.0018,d125:0.0018,d194:0.0018,d050:0.0018,d249:0.0018,d080:0.0018,d294:0.0018,d301:0.0017,d136:0.0017,d251:0.0017,d035:0.0017,d028:0.0016,d013:0.0016,d209:0.0016,d287:0.0016,d098:0.0016,d078:0.0016,d001:0.0015,d274:0.0015,d030:0.0015,d255:0.0014,d131:0.0014,d083:0.0014,d135:0.0014,d320:0.0014,d076:0.0013,d048:0.0013,d240:0.0013,d323:0.0013,d073:0.0013,d296:0.0013,d200:0.0012,d205:0.0012,d286:0.0012,d305:0.0012,d129:0.0012,d096:0.0011,d195:0.0011,d182:0.0011,d164:0.0010,d079:0.0010,d042:0.0010,d038:0.0010,d316:0.0010,d263:0.0009,d203:0.0009
q41	d150:0.0612,d268:0.0537,d174:0.0512,d291:0.0393,d128:0.0346,d121:0.0270,d036:0.0216,d014:0.0177,d330:0.0129,d050:0.0128,d195:0.0120,d272:0.0117,d209:0.0114,d266:0.0105,d223:0.0095,d306:0.0090,d092:0.0079,d236:0.0074,d079:0.0074,d228:0.0072,d227:0.0068,d310:0.0068,d102:0.0064,d091:0.0061,d007:0.0061,d017:0.0059,d192:0.0059,d156:0.0057,d311:0.0057,d088:0.0056,d177:0.0056,d078:0.0055,d023:0.0055,d309:0.0054,d159:0.0052,d099:0.0052,d297:0.0052,d279:0.0051,d130:0.0051,d056:0.0050,d140:0.0050,d122:0.0049,d101:0.0049,d161:0.0046,d004:0.0044,d012:0.0044,d200:0.0043,d137:0.0043,d077:0.0042,d027:0.0042,d162:0.0042,d105:0.0042,d087:0.0042,d210:0.0041,d055:0.0041,d115:0.0040,d094:0.0039,d257:0.0039,d199:0.0037,d189:0.0036,d157:0.0036,d249:0.0036,d316:0.0035,d039:0.0035,d263:0.0033,d203:0.0032,d294:0.0032,d175:0.0031,d158:0.0029,d184:0.0028,d260:0.0027
q26	d152:0.5448,d291:0.0831,d143:0.0782,d171:0.0772,d095:0.0771,d228:0.0576,d131:0.0520,d066:0.0473,d147:0.0454,d241:0.0450,d293:0.0411,d052:0.0356,d190:0.0342,d206:0.0340,d116:0.0340,d300:0.0326,d231:0.0318,d316:0.0267,d318:0.0264,d136:0.0257,d322:0.0232,d273:0.0226,d094:0.0223,d002:0.0216,d109:0.0210,d105:0.0202,d092:0.0199,d208:0.0178,d235:0.0175,d183:0.0163,d007:0.0153,d292:0.0140,d174:0.0139,d323:0.0139,d279:0.0137,d179:0.0134,d138:0.0127,d161:0.0116,d149:0.0111,d197:0.0106,d306:0.0104,d283:0.0103,d012:0.0100,d224:0.0100,d219:0.0098,d210:0.0094,d164:0.0093,d312:0.0093,d287:0.0088,d173:0.0088,d098:0.0084,d029:0.0077,d017:0.0075,d102:0.0073,d217:0.0072,d212:0.0071,d290:0.0071,d275:0.0069,d113:0.0067,d027:0.0066,d062:0.0060,d331:0.0058,d015:0.0058,d199:0.0057,d079:0.0057,d140:0.0057,d117:0.0057,d168:0.0056,d133:0.0056,d178:0.0055,d033:0.0055,d277:0.0054,d215:0.0051,d014:0.0051,d284:0.0051,d141:0.0050,d265:0.0050,d036:0.0050,d005:0.0049,d175:0.0048,d305:0.0048,d129:0.0048,d107:0.0047,d182:0.0044,d003:0.0042,d263:0.0038
q28	d136:0.0917,d316:0.0656,d291:0.0528,d066:0.0474,d159:0.0419,d056:0.0369,d279:0.0365,d174:0.0336,d035:0.0330,d070:0.0290,d322:0.0289,d147:0.0279,d173:0.0258,d094:0.0253,d029:0.0251,d212:0.0250,d102:0.0249,d164:0.0242,d226:0.0221,d145:0.0216,d161:0.0214,d264:0.0209,d015:0.0203,d292:0.0200,d321:0.0197,d152:0.0197,d037:0.0186,d002:0.0183,d132:0.0182,d067:0.0182,d289:0.0180,d027:0.0179,d237:0.0176,d075:0.0168,d079:0.0160,d080:0.0158,d295:0.0158,d162:0.0157,d083:0.0152,d309:0.0144,d191:0.0142,d273:0.0139,d143:0.0138,d107:0.0138,d086:0.0137,d296:0.0137,d198:0.0126,d085:0.0125,d275:0.0124,d042:0.0123,d327:0.0121,d263:0.0121,d139:0.0120,d008:0.0118,d099:0.0117,d160:0.0115,d183:0.0113,d254:0.0111,d141:0.0110,d033:0.0110,d252:0.0107,d193:0.0106,d153:0.0099,d186:0.0098,d271:0.0098,d283:0.0097,d165:0.0096,d055:0.0092,d294:0.0092,d129:0.0091,d072:0.0090,d109:0.0090,d329:0.0090,d018:0.0090,d270:0.0089,d312:0.0086,d241:0.0085,d168:0.0085,d194:0.0085,d310:0.0084,d276:0.0083,d328:0.0083,d057:0.0082,d064:0.0079,d058:0.0078,d046:0.0078,d110:0.0077,d031:0.0077,d299:0.0076,d054:0.0075,d233:0.0075,d267:0.0074,d047:0.0074,d248:0.0073,d259:0.0073,d246:0.0071,d243:0.0071,d211:0.0070,d185:0.0069,d269:0.0069,d084:0.0069,d106:0.0068,d012:0.0068,d098:0.0068,d019:0.0065,d060:0.0065,d013:0.0065,d297:0.0064,d260:0.0060,d231:0.0059,d230:0.0059,d115:0.0058,d298:0.0058,d026:0.0058,d180:0.0057,d331:0.0057,d131:0.0057,d240:0.0056,d306:0.0056,d120:0.0056,d221:0.0053,d088:0.0053,d048:0.0053,d077:0.0052,d170:0.0052,d010:0.0052,d169:0.0051,d089:0.0051,d278:0.0050,d144:0.0050,d305:0.0047,d190:0.0047,d216:0.0047,d195:0.0045,d125:0.0044,d304:0.0044,d022:0.0043,d049:0.0042,d111:0.0042,d052:0.0041,d303:0.0041,d235:0.0040,d219:0.0040,d150:0.0040,d114:0.0039,d123:0.0038,d239:0.0038,d293:0.0032,d103:0.0031,d206:0.0031,d071:0.0031,d045:0.0030,d063:0.0029,d148:0.0029,d330:0.0027,d307:0.0027,d188:0.0027,d016:0.0026,d179:0.0024,d314:0.0024,d250:0.0024,d009:0.0024,d220:0.0024,d236:0.0023,d189:0.0023,d133:0.0022,d116:0.0022,d324:0.0021,d011:0.0021,d175:0.0019,d290:0.0019,d091:0.0019,d313:0.0019,d318:0.0018,d287:0.0018,d184:0.0018,d222:0.0017,d023:0.0017,d001:0.0017,d281:0.0017,d069:0.0016,d065:0.0016,d061:0.0016,d130:0.0016,d325:0.0016,d101:0.0015,d202:0.0015,d277:0.0015,d108:0.0015,d247:0.0014,d014:0.0014,d137:0.0014,d121:0.0013,d286:0.0013,d097:0.0013,d197:0.0013,d087:0.0013,d100:0.0013,d210:0.0013,d149:0.0013,d119:0.0013,d096:0.0013,d053:0.0013,d021:0.0012,d093:0.0012,d024:0.0012,d234:0.0011,d256:0.0011,d249:0.0011,d244:0.0011,d039:0.0011,d262:0.0011,d003:0.0008
q40	d307:0.1125,d283:0.0850,d250:0.0784,d042:0.0746,d228:0.0609,d252:0.0514,d047:0.0460,d262:0.0407,d242:0.0375,d098:0.0369,d173:0.0364,d112:0.0342,d122:0.0338,d046:0.0300,d288:0.0294,d131:0.0290,d058:0.0284,d238:0.0272,d225:0.0244,d142:0.0240,d064:0.0236,d022:0.0234,d248:0.0226,d082:0.0225,d291:0.0212,d223:0.0187,d263:0.0184,d012:0.0169,d189:0.0167,d249:0.0164,d306:0.0154,d144:0.0154,d124:0.0149,d111:0.0148,d325:0.0146,d106:0.0145,d241:0.0142,d113:0.0141,d138:0.0139,d164:0.0133,d174:0.0133,d279:0.0133,d063:0.0133,d117:0.0132,d091:0.0119,d296:0.0119,d275:0.0117,d147:0.0117,d152:0.0114,d222:0.0108,d031:0.0105,d105:0.0101,d318:0.0098,d118:0.0095,d271:0.0094,d062:0.0089,d130:0.0086,d035:0.0086,d200:0.0085,d140:0.0084,d119:0.0080,d257:0.0076,d092:0.0076,d136:0.0074,d093:0.0074,d254:0.0074,d025:0.0073,d121:0.0073,d021:0.0073,d197:0.0071,d125:0.0071,d051:0.0069,d194:0.0068,d161:0.0067,d017:0.0065,d234:0.0061,d175:0.0061,d258:0.0059,d179:0.0056,d220:0.0054,d109:0.0052,d039:0.0050,d293:0.0048,d040:0.0047,d080:0.0046,d192:0.0042,d272:0.0042,d158:0.0042,d300:0.0041,d153:0.0041,d075:0.0039,d266:0.0038,d281:0.0038,d056:0.0036,d207:0.0036,d317:0.0036,d177:0.0036,d083:0.0036,d321:0.0035,d135:0.0035,d269:0.0035,d126:0.0034,d089:0.0033,d215:0.0032,d160:0.0032,d006:0.0031,d286:0.0031,d077:0.0031,d188:0.0031,d305:0.0030,d100:0.0030,d149:0.0030,d094:0.0028,d079:0.0027,d123:0.0025,d203:0.0023
q18	d192:0.4947,d194:0.3564,d201:0.2619,d230:0.2181,d210:0.1928,d207:0.1600,d222:0.1467,d111:0.1427,d219:0.1383,d199:0.1190,d209:0.1148,d198:0.1085,d223:0.1050,d208:0.0992,d213:0.0954,d216:0.0921,d202:0.0902,d220:0.0767,d211:0.0738,d163:0.0729,d276:0.0675,d055:0.0640,d203:0.0622,d195:0.0551,d224:0.0522,d221:0.0478,d197:0.0475,d215:0.0465,d322:0.0400,d200:0.0374,d061:0.0350,d212:0.0342,d227:0.0333,d193:0.0333,d191:0.0311,d303:0.0310,d053:0.0296,d301:0.0282,d218:0.0274,d196:0.0263,d266:0.0244,d236:0.0218,d205:0.0215,d129:0.0209,d142:0.0199,d279:0.0186,d225:0.0182,d214:0.0176,d028:0.0175,d206:0.0168,d304:0.0163,d296:0.0162,d122:0.0145,d319:0.0137,d124:0.0132,d204:0.0129,d251:0.0126,d217:0.0125,d078:0.0123,d109:0.0122,d182:0.0092,d058:0.0084,d315:0.0081,d110:0.0073,d248:0.0072,d172:0.0072,d174:0.0067,d260:0.0067,d002:0.0059,d072:0.0058,d071:0.0058,d246:0.0056,d253:0.0055,d302:0.0055,d160:0.0054,d275:0.0054,d089:0.0054,d137:0.0053,d330:0.0053,d235:0.0052,d268:0.0052,d020:0.0052,d027:0.0052,d240:0.0045,d164:0.0045,d052:0.0045,d282:0.0043,d242:0.0043,d241:0.0043,d286:0.0043,d249:0.0043,d123:0.0041,d280:0.0040,d098:0.0038,d177:0.0037,d116:0.0036,d316:0.0035,d271:0.0032,d048:0.0030
q01	d016:0.1126,d085:0.0679,d259:0.0659,d254:0.0645,d186:0.0478,d209:0.0458,d215:0.0359,d153:0.0322,d008:0.0314,d170:0.0297,d163:0.0281,d185:0.0269,d154:0.0233,d315:0.0232,d089:0.0213,d296:0.0207,d082:0.0202,d060:0.0195,d099:0.0177,d004:0.0177,d255:0.0173,d006:0.0172,d162:0.0169,d243:0.0156,d100:0.0153,d094:0.0144,d179:0.0144,d145:0.0140,d039:0.0139,d059:0.0128,d312:0.0120,d311:0.0114,d329:0.0107,d299:0.0105,d065:0.0104,d130:0.0102,d172:0.0100,d028:0.0099,d273:0.0096,d074:0.0093,d281:0.0090,d317:0.0086,d077:0.0085,d152:0.0085,d195:0.0080,d212:0.0078,d275:0.0076,d284:0.0075,d265:0.0075,d164:0.0074,d052:0.0074,d032:0.0073,d229:0.0071,d316:0.0070,d136:0.0068,d021:0.0065,d024:0.0064,d234:0.0062,d038:0.0061,d116:0.0061,d123:0.0058,d184:0.0057
q36	d321:0.1973,d257:0.1893,d150:0.1837,d023:0.1822,d277:0.1351,d247:0.1293,d265:0.1115,d156:0.0542,d328:0.0538,d020:0.0259,d223:0.0234,d219:0.0233,d107:0.0221,d222:0.0203,d214:0.0197,d167:0.0184,d131:0.0171,d268:0.0169,d100:0.0168,d151:0.0164,d076:0.0152,d323:0.0140,d060:0.0136,d069:0.0136,d010:0.0130,d102:0.0130,d320:0.0124,d007:0.0124,d071:0.0119,d270:0.0118,d110:0.0117,d054:0.0117,d211:0.0110,d077:0.0110,d013:0.0110,d198:0.0107,d288:0.0106,d292:0.0106,d205:0.0105,d095:0.0101,d210:0.0101,d083:0.0094,d310:0.0093,d051:0.0091,d276:0.0090,d203:0.0088,d319:0.0085,d229:0.0085,d290:0.0084,d055:0.0083,d029:0.0083,d197:0.0080,d272:0.0079,d059:0.0079,d231:0.0078,d230:0.0076,d092:0.0076,d094:0.0074,d309:0.0073,d031:0.0073,d295:0.0072,d081:0.0072,d281:0.0072,d316:0.0071,d279:0.0069,d256:0.0069,d255:0.0069,d103:0.0067,d294:0.0065,d274:0.0064,d170:0.0063,d191:0.0062,d207:0.0062,d208:0.0060,d226:0.0060,d267:0.0059,d202:0.0058,d298:0.0058,d259:0.0057,d283:0.0056,d111:0.0054,d079:0.0050,d041:0.0049,d157:0.0049,d033:0.0048,d262:0.0047,d136:0.0046,d015:0.0046,d199:0.0045,d068:0.0045,d125:0.0044,d049:0.0042,d248:0.0040,d035:0.0040,d313:0.0040,d192:0.0040,d019:0.0039,d088:0.0038,d175:0.0038,d067:0.0036,d266:0.0036,d271:0.0036,d253:0.0032,d302:0.0031,d306:0.0031,d275:0.0030,d322:0.0030,d046:0.0030,d284:0.0030,d218:0.0030,d012:0.0030,d235:0.0029,d286:0.0029,d027:0.0029,d162:0.0029,d085:0.0028,d149:0.0028,d119:0.0028,d138:0.0028,d115:0.0027,d182:0.0026,d250:0.0026,d021:0.0026,d186:0.0026,d093:0.0026,d109:0.0025,d189:0.0025,d244:0.0024,d141:0.0022,d143:0.0022,d017:0.0020,d158:0.0020,d260:0.0019,d003:0.0018
q29	d314:0.1578,d037:0.1445,d001:0.1097,d113:0.0894,d261:0.0608,d120:0.0459,d133:0.0364,d159:0.0333,d046:0.0272,d070:0.0272,d062:0.0266,d173:0.0243,d191:0.0234,d294:0.0230,d286:0.0217,d226:0.0207,d212:0.0194,d291:0.0132,d107:0.0130,d086:0.0129,d198:0.0118,d099:0.0110,d136:0.0108,d279:0.0107,d160:0.0094,d254:0.0092,d252:0.0088,d055:0.0087,d147:0.0085,d186:0.0081,d276:0.0077,d064:0.0074,d264:0.0074,d058:0.0073,d008:0.0071,d047:0.0069,d102:0.0067,d329:0.0066,d270:0.0066,d106:0.0064,d312:0.0063,d237:0.0062,d295:0.0062,d019:0.0061,d013:0.0061,d057:0.0060,d153:0.0059,d292:0.0059,d174:0.0058,d309:0.0057,d031:0.0056,d331:0.0053,d056:0.0053,d131:0.0053,d269:0.0051,d170:0.0049,d169:0.0048,d089:0.0048,d327:0.0048,d278:0.0047,d027:0.0045,d305:0.0044,d085:0.0044,d216:0.0044,d231:0.0043,d283:0.0043,d115:0.0043,d026:0.0042,d195:0.0042,d015:0.0039,d052:0.0039,d241:0.0038,d168:0.0038,d194:0.0038,d165:0.0038,d193:0.0037,d328:0.0037,d123:0.0036,d263:0.0035,d293:0.0030,d048:0.0027,d303:0.0025
q12	d277:0.2231,d258:0.2174,d239:0.0716,d250:0.0639,d176:0.0624,d182:0.0480,d156:0.0459,d056:0.0367,d301:0.0326,d132:0.0305,d081:0.0270,d138:0.0235,d078:0.0229,d211:0.0221,d096:0.0210,d077:0.0209,d012:0.0164,d229:0.0151,d034:0.0148,d191:0.0141,d015:0.0140,d011:0.0138,d270:0.0130,d331:0.0106,d280:0.0103,d225:0.0096,d302:0.0095,d295:0.0091,d095:0.0087,d184:0.0087,d183:0.0085,d060:0.0081,d297:0.0080,d236:0.0078,d190:0.0078,d076:0.0071,d151:0.0070,d169:0.0070,d102:0.0067,d235:0.0066,d150:0.0065,d155:0.0063,d035:0.0062,d082:0.0062,d021:0.0059,d124:0.0058,d067:0.0056,d317:0.0053,d122:0.0052,d051:0.0050,d143:0.0049,d180:0.0049,d247:0.0048,d243:0.0048,d197:0.0044,d129:0.0044,d010:0.0044,d052:0.0039,d109:0.0038,d316:0.0037,d141:0.0034,d003:0.0028,d048:0.0027,d303:0.0025
q22	d258:0.0775,d277:0.0572,d239:0.0561,d266:0.0527,d049:0.0504,d011:0.0499,d056:0.0449,d327:0.0399,d145:0.0393,d297:0.0385,d176:0.0364,d287:0.0340,d319:0.0338,d184:0.0325,d286:0.0322,d010:0.0312,d223:0.0297,d331:0.0224,d149:0.0221,d159:0.0219,d138:0.0213,d197:0.0172,d057:0.0165,d330:0.0163,d072:0.0147,d169:0.0142,d100:0.0137,d014:0.0129,d270:0.0122,d135:0.0121,d004:0.0119,d240:0.0114,d020:0.0108,d121:0.0108,d064:0.0104,d164:0.0100,d132:0.0099,d225:0.0090,d157:0.0089,d302:0.0089,d096:0.0089,d158:0.0085,d250:0.0084,d146:0.0083,d229:0.0082,d095:0.0081,d152:0.0080,d183:0.0080,d299:0.0077,d086:0.0077,d102:0.0077,d007:0.0076,d236:0.0073,d035:0.0071,d153:0.0071,d069:0.0066,d151:0.0066,d190:0.0063,d182:0.0063,d140:0.0063,d233:0.0061,d147:0.0060,d155:0.0059,d092:0.0059,d082:0.0058,d127:0.0057,d124:0.0055,d078:0.0055,d305:0.0053,d067:0.0053,d116:0.0052,d055:0.0052,d317:0.0049,d122:0.0049,d051:0.0047,d180:0.0046,d247:0.0045,d243:0.0045,d328:0.0044,d109:0.0043,d280:0.0042,d129:0.0041,d320:0.0041,d098:0.0039,d052:0.0036,d316:0.0034,d141:0.0032,d048:0.0031,d303:0.0028,d137:0.0028,d188:0.0027,d252:0.0027,d003:0.0026,d172:0.0025,d074:0.0023,d325:0.0022,d101:0.0021,d321:0.0021,d298:0.0020,d200:0.0019,d134:0.0018,d242:0.0018,d221:0.0018,d150:0.0018,d107:0.0017,d179:0.0017,d025:0.0016,d213:0.0016,d042:0.0015,d241:0.0015,d228:0.0015,d249:0.0015,d133:0.0015,d022:0.0015,d136:0.0015,d291:0.0013,d329:0.0013,d217:0.0013,d054:0.0013,d163:0.0013,d248:0.0013,d113:0.0013,d272:0.0013,d081:0.0012,d019:0.0012,d156:0.0012,d209:0.0012,d300:0.0012,d222:0.0012,d171:0.0012,d260:0.0012,d023:0.0012,d281:0.0011,d062:0.0011,d065:0.0011,d181:0.0011,d207:0.0011,d206:0.0011,d238:0.0010,d071:0.0010,d178:0.0010,d267:0.0010,d076:0.0010,d212:0.0010,d246:0.0010,d089:0.0010,d306:0.0010,d185:0.0010,d160:0.0010,d275:0.0010,d323:0.0010,d322:0.0010,d073:0.0009,d046:0.0009,d218:0.0009,d268:0.0009,d032:0.0009,d077:0.0009,d162:0.0009,d105:0.0009,d085:0.0009,d216:0.0009,d210:0.0009,d231:0.0009,d283:0.0009,d115:0.0009,d144:0.0009,d214:0.0009,d094:0.0008,d257:0.0008,d093:0.0008,d024:0.0008,d177:0.0008,d015:0.0008,d199:0.0008,d084:0.0008,d234:0.0008,d125:0.0008,d304:0.0008,d193:0.0008,d139:0.0008,d227:0.0007,d143:0.0007,d294:0.0007,d167:0.0007,d251:0.0007,d293:0.0006
q19	d179:0.1946,d323:0.0528,d102:0.0423,d273:0.0401,d004:0.0387,d021:0.0335,d310:0.0302,d001:0.0287,d069:0.0280,d330:0.0269,d028:0.0258,d320:0.0255,d136:0.0242,d056:0.0224,d015:0.0198,d078:0.0197,d200:0.0191,d194:0.0158,d088:0.0150,d055:0.0145,d204:0.0129,d153:0.0123,d222:0.0121,d138:0.0109,d321:0.0107,d035:0.0105,d051:0.0105,d277:0.0102,d185:0.0098,d266:0.0094,d095:0.0073,d009:0.0067,d258:0.0065,d241:0.0064,d289:0.0064,d189:0.0064,d158:0.0064,d293:0.0062,d291:0.0056,d098:0.0055,d230:0.0055,d299:0.0055,d091:0.0054,d106:0.0053,d272:0.0052,d300:0.0050,d309:0.0048,d274:0.0046,d180:0.0041,d191:0.0041,d212:0.0041,d111:0.0039,d254:0.0039,d197:0.0037,d129:0.0037,d231:0.0036,d147:0.0036,d092:0.0035,d257:0.0034,d109:0.0032,d193:0.0031,d294:0.0028,d175:0.0028,d190:0.0022
q02	d147:0.1206,d149:0.0812,d283:0.0732,d291:0.0490,d134:0.0443,d293:0.0415,d023:0.0381,d136:0.0343,d002:0.0306,d187:0.0265,d037:0.0262,d139:0.0245,d014:0.0231,d143:0.0222,d282:0.0210,d052:0.0202,d150:0.0194,d316:0.0192,d051:0.0190,d318:0.0181,d103:0.0180,d039:0.0168,d294:0.0165,d107:0.0148,d296:0.0147,d222:0.0146,d128:0.0145,d268:0.0142,d166:0.0131,d287:0.0130,d320:0.0127,d090:0.0120,d254:0.0115,d145:0.0115,d137:0.0115,d252:0.0111,d124:0.0110,d306:0.0104,d250:0.0102,d131:0.0100,d106:0.0099,d164:0.0098,d117:0.0097,d142:0.0096,d108:0.0092,d058:0.0091,d211:0.0089,d185:0.0088,d119:0.0081,d290:0.0081,d248:0.0078,d172:0.0077,d160:0.0074,d046:0.0073,d020:0.0072,d234:0.0072,d121:0.0071,d031:0.0071,d197:0.0069,d017:0.0069,d227:0.0068,d130:0.0067,d047:0.0065,d173:0.0063,d018:0.0063,d246:0.0061,d007:0.0059,d237:0.0058,d044:0.0057,d300:0.0056,d305:0.0056,d221:0.0055,d210:0.0054,d245:0.0054,d179:0.0051,d083:0.0049,d238:0.0048,d068:0.0048,d158:0.0048,d116:0.0047,d228:0.0047,d202:0.0047,d264:0.0046,d064:0.0046,d022:0.0046,d180:0.0045,d243:0.0045,d151:0.0044,d263:0.0044,d029:0.0044,d215:0.0044,d307:0.0043,d098:0.0041,d229:0.0041,d319:0.0041,d054:0.0040,d251:0.0040,d144:0.0040,d239:0.0040,d082:0.0039,d204:0.0038,d021:0.0038,d019:0.0038,d153:0.0037,d260:0.0036,d042:0.0036,d062:0.0035,d140:0.0033,d154:0.0033,d255:0.0033,d122:0.0033,d206:0.0033,d269:0.0032,d308:0.0031,d298:0.0031,d212:0.0030,d063:0.0030,d120:0.0030,d225:0.0030,d323:0.0030,d327:0.0029,d322:0.0029,d218:0.0029,d242:0.0029,d005:0.0029,d200:0.0028,d224:0.0028,d077:0.0028,d010:0.0028,d105:0.0027,d129:0.0027,d055:0.0027,d257:0.0026,d186:0.0025,d236:0.0024,d133:0.0024,d118:0.0024,d043:0.0024,d262:0.0023,d324:0.0022,d040:0.0021,d232:0.0021,d141:0.0021,d070:0.0021,d050:0.0021,d102:0.0021,d219:0.0021,d230:0.0020,d163:0.0019,d313:0.0019,d273:0.0018,d198:0.0018,d309:0.0018,d001:0.0018,d067:0.0017,d271:0.0017,d266:0.0017,d281:0.0017,d196:0.0017,d297:0.0017,d061:0.0017,d279:0.0017,d190:0.0016,d317:0.0016,d101:0.0016,d226:0.0016,d233:0.0016,d045:0.0016,d126:0.0016,d285:0.0015,d277:0.0015,d161:0.0015,d191:0.0015,d302:0.0015,d278:0.0015,d284:0.0014,d004:0.0014,d330:0.0014,d205:0.0014,d286:0.0014,d152:0.0014,d188:0.0014,d162:0.0014,d085:0.0014,d216:0.0013,d214:0.0013,d314:0.0013,d024:0.0012,d079:0.0012,d194:0.0012,d249:0.0012,d304:0.0012,d328:0.0011,d244:0.0011,d203:0.0010,d080:0.0010,d184:0.0009,d003:0.0009
q03	d283:0.0553,d291:0.0423,d152:0.0286,d105:0.0283,d147:0.0273,d318:0.0195
q13	d272:0.0779,d049:0.0739,d277:0.0633,d219:0.0579,d056:0.0541,d239:0.0531,d222:0.0335,d276:0.0325,d241:0.0313,d043:0.0290,d258:0.0265,d317:0.0261,d286:0.0256,d309:0.0230,d221:0.0216,d311:0.0213,d099:0.0207,d070:0.0206,d055:0.0205,d205:0.0203,d040:0.0201,d042:0.0193,d288:0.0172,d194:0.0170,d281:0.0169,d026:0.0160,d126:0.0159,d047:0.0158,d285:0.0157,d087:0.0155,d060:0.0154,d271:0.0144,d019:0.0141,d289:0.0135,d183:0.0129,d310:0.0127,d245:0.0124,d297:0.0118,d157:0.0115,d292:0.0111,d015:0.0109,d130:0.0108,d165:0.0105,d262:0.0105,d303:0.0104,d161:0.0099,d269:0.0096,d290:0.0092,d162:0.0090,d248:0.0089,d138:0.0087,d170:0.0087,d249:0.0086,d305:0.0084,d100:0.0082,d106:0.0081,d235:0.0080,d237:0.0079,d142:0.0078,d050:0.0078,d136:0.0078,d139:0.0076,d313:0.0072,d002:0.0072,d018:0.0072,d200:0.0071,d061:0.0069,d150:0.0068,d129:0.0068,d059:0.0068,d189:0.0067,d329:0.0066,d022:0.0065,d190:0.0065,d312:0.0064,d179:0.0063,d028:0.0062,d119:0.0062,d037:0.0061,d013:0.0061,d164:0.0060,d088:0.0060,d046:0.0060,d124:0.0059,d174:0.0059,d171:0.0059,d270:0.0058,d075:0.0058,d191:0.0056,d159:0.0056,d243:0.0055,d274:0.0055,d113:0.0055,d072:0.0054,d263:0.0054,d156:0.0054,d122:0.0053,d007:0.0052,d135:0.0052,d074:0.0051,d051:0.0051,d141:0.0049,d148:0.0048,d287:0.0048,d323:0.0047,d079:0.0045,d259:0.0044,d253:0.0043,d304:0.0043,d212:0.0043,d246:0.0043,d240:0.0042,d103:0.0042,d244:0.0042,d094:0.0041,d257:0.0041,d318:0.0041,d182:0.0041,d228:0.0041,d012:0.0041,d064:0.0040,d180:0.0040,d058:0.0039,d029:0.0038,d215:0.0038,d016:0.0038,d096:0.0038,d147:0.0038,d033:0.0038,d123:0.0036,d324:0.0036,d250:0.0036,d319:0.0036,d280:0.0035,d107:0.0035,d256:0.0034,d204:0.0033,d172:0.0033,d118:0.0033,d193:0.0033,d173:0.0033,d153:0.0032,d128:0.0031,d098:0.0029,d255:0.0029,d117:0.0028,d143:0.0027,d298:0.0027,d063:0.0026,d225:0.0026,d327:0.0026,d211:0.0025,d185:0.0025,d017:0.0025,d322:0.0025,d218:0.0025,d158:0.0025,d224:0.0025,d077:0.0024,d105:0.0024,d210:0.0023,d186:0.0022,d236:0.0021,d052:0.0021,d234:0.0021,d145:0.0020,d316:0.0020,d227:0.0019,d232:0.0018,d102:0.0018,d291:0.0018,d230:0.0018,d163:0.0017,d300:0.0016,d273:0.0016,d198:0.0016,d023:0.0016,d001:0.0015,d067:0.0015,d266:0.0015,d196:0.0015,d279:0.0014,d101:0.0014,d083:0.0014,d226:0.0014,d238:0.0014,d233:0.0014,d045:0.0014,d202:0.0013,d302:0.0013,d306:0.0013,d160:0.0013,d278:0.0013,d014:0.0013,d284:0.0013,d004:0.0013,d166:0.0013,d020:0.0012,d330:0.0012,d134:0.0012,d307:0.0012,d121:0.0012,d152:0.0012,d188:0.0012,d197:0.0012,d085:0.0012,d229:0.0012,d216:0.0012,d149:0.0012,d144:0.0011,d214:0.0011,d314:0.0011,d021:0.0011,d024:0.0011,d328:0.0010,d203:0.0009,d080:0.0009,d294:0.0009,d293:0.0008,d184:0.0008,d003:0.0008
q24	d199:0.2353,d219:0.2210,d213:0.1959,d198:0.1954,d202:0.1852,d220:0.1388,d210:0.1351,d211:0.1293,d208:0.1278,d222:0.1249,d276:0.1206,d209:0.1173,d224:0.1072,d201:0.1027,d223:0.0980,d207:0.0929,d192:0.0847,d194:0.0814,d216:0.0765,d195:0.0740,d215:0.0737,d243:0.0733,d060:0.0705,d129:0.0653,d074:0.0584,d303:0.0579,d221:0.0574,d099:0.0556,d061:0.0553,d196:0.0541,d151:0.0537,d193:0.0509,d212:0.0472,d203:0.0463,d218:0.0454,d088:0.0453,d200:0.0448,d205:0.0441,d282:0.0437,d197:0.0431,d274:0.0419,d255:0.0407,d042:0.0388,d034:0.0386,d225:0.0374,d028:0.0358,d080:0.0343,d098:0.0333,d031:0.0286,d281:0.0283,d083:0.0264,d112:0.0262,d135:0.0261,d217:0.0257,d253:0.0249,d096:0.0218,d240:0.0214,d289:0.0194,d262:0.0184,d123:0.0183,d040:0.0175,d214:0.0165,d237:0.0158,d311:0.0153,d067:0.0143,d181:0.0135,d319:0.0129,d002:0.0121,d204:0.0121,d072:0.0120,d142:0.0120,d265:0.0117,d044:0.0115,d078:0.0114,d229:0.0111,d266:0.0109,d206:0.0101,d234:0.0097,d165:0.0096,d039:0.0093,d263:0.0090,d242:0.0089,d286:0.0088,d294:0.0086,d055:0.0084,d177:0.0077,d116:0.0073,d316:0.0072
q45	d105:0.1636,d126:0.0799,d029:0.0658,d085:0.0638,d185:0.0573,d170:0.0481,d164:0.0390,d254:0.0354,d302:0.0313,d252:0.0302,d148:0.0223,d188:0.0217,d204:0.0204,d162:0.0181,d003:0.0176,d100:0.0142,d055:0.0141,d090:0.0126,d101:0.0124,d324:0.0117,d305:0.0102,d016:0.0099,d074:0.0091,d118:0.0090,d042:0.0088,d304:0.0087,d267:0.0080,d223:0.0080,d285:0.0079,d225:0.0076,d152:0.0071,d149:0.0069,d184:0.0069,d283:0.0069,d015:0.0062,d109:0.0061,d228:0.0060,d038:0.0060,d316:0.0058,d143:0.0054,d054:0.0051,d091:0.0051,d081:0.0049,d171:0.0046,d260:0.0046,d067:0.0045,d271:0.0044,d062:0.0044,d325:0.0042,d103:0.0042,d034:0.0040,d076:0.0039,d306:0.0038,d215:0.0038,d322:0.0037,d073:0.0037,d200:0.0037,d330:0.0036,d010:0.0035,d138:0.0034,d147:0.0034,d026:0.0034,d179:0.0033,d093:0.0032,d079:0.0031,d168:0.0030,d039:0.0029,d262:0.0029,d136:0.0029,d294:0.0027,d175:0.0026,d251:0.0026,d158:0.0024
q08	d292:0.1731,d251:0.1588,d180:0.1503,d110:0.1156,d106:0.1015,d117:0.0955,d005:0.0906,d108:0.0890,d235:0.0860,d028:0.0520,d107:0.0520,d246:0.0498,d144:0.0483,d269:0.0462,d304:0.0425,d271:0.0367,d121:0.0331,d205:0.0304,d115:0.0271,d030:0.0270,d125:0.0262,d089:0.0230,d075:0.0223,d130:0.0212,d070:0.0209,d091:0.0198,d208:0.0192,d211:0.0192,d294:0.0183,d312:0.0170,d083:0.0140,d019:0.0140,d104:0.0132,d198:0.0119,d043:0.0118,d138:0.0117,d224:0.0108,d189:0.0089,d062:0.0085,d059:0.0082,d142:0.0076,d221:0.0074,d192:0.0073,d266:0.0065,d196:0.0064,d226:0.0061,d215:0.0061,d232:0.0060,d327:0.0058,d151:0.0057,d282:0.0057,d008:0.0056,d270:0.0056,d044:0.0055,d290:0.0054,d113:0.0052,d081:0.0051,d082:0.0050,d155:0.0049,d122:0.0048,d148:0.0046,d099:0.0045,d037:0.0044,d045:0.0041,d207:0.0041,d223:0.0041,d202:0.0041,d063:0.0041,d093:0.0040,d288:0.0039,d095:0.0039,d126:0.0039,d022:0.0039,d278:0.0037,d046:0.0037,d210:0.0037,d127:0.0037,d197:0.0036,d264:0.0036,d216:0.0036,d080:0.0034,d024:0.0033,d281:0.0033,d236:0.0032,d213:0.0031,d250:0.0031,d040:0.0031,d133:0.0031,d009:0.0031,d118:0.0031,d123:0.0029,d201:0.0029,d050:0.0029,d219:0.0029,d325:0.0028,d209:0.0028,d255:0.0026,d131:0.0026,d035:0.0026,d301:0.0025,d237:0.0024,d170:0.0024,d076:0.0024,d013:0.0024,d274:0.0024,d240:0.0023,d001:0.0023,d287:0.0023,d286:0.0023,d078:0.0023,d096:0.0023,d320:0.0022,d135:0.0021,d085:0.0021,d129:0.0021,d193:0.0020,d323:0.0020,d073:0.0020,d015:0.0020,d308:0.0020,d195:0.0020,d296:0.0019,d305:0.0019,d087:0.0019,d079:0.0018,d263:0.0018,d241:0.0018,d200:0.0018,d039:0.0016,d182:0.0016,d164:0.0015,d316:0.0015,d042:0.0015,d038:0.0015,d203:0.0013,d190:0.0012,d034:0.0011,d074:0.0010,d064:0.0009,d026:0.0009,d103:0.0008,d124:0.0008,d225:0.0008,d261:0.0006,d248:0.0006,d206:0.0006,d101:0.0006,d051:0.0006,d120:0.0006,d330:0.0006,d006:0.0005,d102:0.0005,d109:0.0005,d319:0.0005,d291:0.0005,d149:0.0005,d054:0.0005,d244:0.0005,d314:0.0005,d253:0.0005,d306:0.0005,d174:0.0005,d265:0.0005,d168:0.0005,d228:0.0005,d309:0.0005,d069:0.0004,d119:0.0004,d283:0.0004,d053:0.0004,d147:0.0004,d179:0.0004,d260:0.0004,d329:0.0004,d217:0.0004,d212:0.0004,d194:0.0004,d160:0.0004,d111:0.0004,d284:0.0004,d307:0.0004,d097:0.0004,d077:0.0004,d088:0.0004,d153:0.0004,d222:0.0004,d055:0.0003,d060:0.0003,d257:0.0003,d048:0.0003,d317:0.0003,d220:0.0003,d199:0.0003,d052:0.0003,d158:0.0003,d233:0.0003,d165:0.0003,d116:0.0003,d303:0.0003,d161:0.0003,d191:0.0003,d262:0.0003,d136:0.0003,d275:0.0003,d280:0.0003,d322:0.0003,d218:0.0003,d047:0.0003,d254:0.0003,d268:0.0003,d143:0.0003,d152:0.0003,d114:0.0003,d098:0.0003,d086:0.0003,d007:0.0003,d163:0.0003,d017:0.0003,d313:0.0003,d311:0.0002,d184:0.0002,d067:0.0002,d065:0.0002,d049:0.0002,d227:0.0002,d279:0.0002,d140:0.0002,d071:0.0002,d267:0.0002,d285:0.0002,d298:0.0002,d175:0.0002,d302:0.0002,d020:0.0002,d137:0.0002,d318:0.0002,d242:0.0002,d293:0.0002,d229:0.0002,d100:0.0002,d231:0.0002,d094:0.0002,d066:0.0002,d021:0.0002,d276:0.0002,d068:0.0002,d289:0.0002,d033:0.0002,d328:0.0001,d145:0.0001,d029:0.0001,d230:0.0001,d239:0.0001,d002:0.0001,d295:0.0001,d172:0.0001,d272:0.0001,d072:0.0001,d300:0.0001,d273:0.0001,d171:0.0001,d023:0.0001,d176:0.0001,d003:0.0001,d297:0.0001,d061:0.0001,d181:0.0001,d321:0.0001,d112:0.0001,d247:0.0001,d243:0.0001,d169:0.0001,d132:0.0001,d166:0.0001,d012:0.0001,d032:0.0001,d162:0.0001,d105:0.0001,d252:0.0001,d183:0.0001,d214:0.0001,d084:0.0001,d234:0.0001,d157:0.0001,d139:0.0001,d258:0.0001,d177:0.0000
