q01	d259:0.1103,d085:0.0870,d186:0.0781,d254:0.0746,d016:0.0721,d170:0.0668,d154:0.0551,d153:0.0517,d008:0.0468,d209:0.0464,d163:0.0454,d296:0.0452,d215:0.0443,d089:0.0386,d060:0.0345,d100:0.0326,d185:0.0318,d094:0.0318,d082:0.0299,d006:0.0296,d315:0.0292,d243:0.0291,d004:0.0286,d255:0.0262,d179:0.0257,d099:0.0257,d145:0.0253,d039:0.0241,d162:0.0238,d312:0.0211,d065:0.0207,d059:0.0207,d299:0.0196,d273:0.0195,d077:0.0193,d329:0.0191,d028:0.0184,d311:0.0179,d317:0.0178,d212:0.0173,d195:0.0170,d130:0.0166,d284:0.0164,d265:0.0162,d074:0.0162,d281:0.0161,d152:0.0161,d136:0.0159,d164:0.0158,d032:0.0155,d184:0.0154,d275:0.0150,d123:0.0148,d172:0.0147,d038:0.0143,d316:0.0141,d021:0.0141,d052:0.0140,d024:0.0140,d229:0.0137,d234:0.0134,d116:0.0131
q02	d147:0.1316,d149:0.1125,d283:0.0819,d291:0.0716,d293:0.0709,d136:0.0636,d037:0.0579,d014:0.0533,d002:0.0526,d282:0.0474,d316:0.0379,d052:0.0376,d039:0.0369,d294:0.0339,d023:0.0248,d318:0.0248,d143:0.0227,d103:0.0213,d187:0.0212,d134:0.0209,d051:0.0198,d306:0.0190,d107:0.0190,d166:0.0187,d128:0.0184,d150:0.0175,d145:0.0173,d139:0.0170,d211:0.0166,d296:0.0165,d117:0.0158,d287:0.0158,d017:0.0157,d106:0.0153,d222:0.0153,d124:0.0150,d268:0.0150,d142:0.0148,d320:0.0145,d164:0.0145,d252:0.0143,d058:0.0142,d250:0.0136,d119:0.0134,d290:0.0134,d160:0.0133,d254:0.0133,d090:0.0132,d248:0.0131,d131:0.0128,d020:0.0127,d137:0.0126,d047:0.0126,d173:0.0124,d185:0.0124,d234:0.0123,d108:0.0119,d227:0.0119,d121:0.0119,d197:0.0118,d246:0.0117,d046:0.0110,d044:0.0110,d237:0.0109,d210:0.0109,d031:0.0108,d243:0.0106,d238:0.0106,d300:0.0103,d307:0.0103,d172:0.0101,d018:0.0101,d202:0.0098,d068:0.0095,d083:0.0094,d260:0.0092,d151:0.0092,d098:0.0092,d158:0.0088,d130:0.0087,d144:0.0084,d042:0.0084,d022:0.0084,d263:0.0083,d264:0.0082,d021:0.0082,d179:0.0082,d305:0.0081,d116:0.0080,d229:0.0079,d154:0.0078,d206:0.0076,d239:0.0076,d007:0.0073,d082:0.0073,d251:0.0072,d054:0.0071,d245:0.0068,d140:0.0068,d122:0.0068,d212:0.0067,d005:0.0063,d242:0.0063,d062:0.0063,d308:0.0063,d215:0.0062,d221:0.0062,d228:0.0061,d269:0.0059,d180:0.0059,d120:0.0057,d225:0.0057,d319:0.0056,d322:0.0056,d064:0.0056,d063:0.0056,d262:0.0055,d204:0.0055,d327:0.0055,d257:0.0055,d153:0.0055,d133:0.0054,d010:0.0054,d186:0.0053,d029:0.0052,d200:0.0052,d323:0.0051,d255:0.0050,d077:0.0050,d118:0.0049,d298:0.0049,d218:0.0048,d324:0.0047,d271:0.0047,d019:0.0047,d129:0.0046,d040:0.0043,d230:0.0043,d043:0.0042,d224:0.0042,d055:0.0041,d236:0.0041,d070:0.0039,d050:0.0039,d232:0.0039,d045:0.0038,d105:0.0038,d219:0.0037,d273:0.0037,d198:0.0036,d001:0.0036,d141:0.0034,d317:0.0034,d309:0.0034,d190:0.0033,d233:0.0033,d226:0.0032,d297:0.0032,d285:0.0032,d101:0.0032,d279:0.0032,d163:0.0032,d161:0.0031,d284:0.0031,d126:0.0031,d277:0.0031,d102:0.0031,d061:0.0031,d278:0.0031,d281:0.0031,d216:0.0031,d313:0.0031,d314:0.0031,d079:0.0030,d302:0.0030,d205:0.0030,d004:0.0029,d214:0.0029,d196:0.0029,d191:0.0028,d330:0.0028,d266:0.0027,d286:0.0027,d249:0.0027,d024:0.0027,d067:0.0026,d244:0.0026,d152:0.0026,d304:0.0026,d194:0.0025,d080:0.0025,d188:0.0025,d184:0.0025,d085:0.0025,d328:0.0025,d162:0.0024,d203:0.0024,d003:0.0024
q03	d283:0.0768,d291:0.0720,d147:0.0622,d318:0.0593,d152:0.0542,d105:0.0500
q04	d270:0.1370,d019:0.1288,d310:0.1074,d049:0.1072,d275:0.0974,d010:0.0897,d289:0.0720,d286:0.0571,d330:0.0485,d100:0.0477,d184:0.0418,d013:0.0165,d130:0.0163,d060:0.0158,d110:0.0155,d306:0.0153,d314:0.0152,d205:0.0149,d252:0.0149,d093:0.0142,d091:0.0138,d213:0.0138,d111:0.0137,d046:0.0133,d081:0.0129,d296:0.0128,d196:0.0126,d199:0.0126,d208:0.0122,d121:0.0117,d142:0.0117,d300:0.0117,d312:0.0114,d298:0.0114,d246:0.0111,d082:0.0110,d075:0.0110,d307:0.0109,d303:0.0107,d308:0.0107,d133:0.0103,d018:0.0097,d292:0.0096,d262:0.0096,d071:0.0095,d005:0.0095,d048:0.0095,d122:0.0094,d216:0.0094,d230:0.0093,d301:0.0093,d251:0.0093,d268:0.0092,d114:0.0089,d001:0.0089,d327:0.0086,d124:0.0085,d180:0.0084,d193:0.0084,d041:0.0084,d117:0.0083,d030:0.0082,d043:0.0081,d290:0.0079,d198:0.0078,d160:0.0078,d264:0.0078,d113:0.0077,d089:0.0076,d050:0.0075,d061:0.0075,d020:0.0074,d259:0.0074,d279:0.0073,d104:0.0073,d014:0.0072,d271:0.0071,d108:0.0071,d212:0.0071,d248:0.0070,d261:0.0070,d163:0.0068,d040:0.0068,d227:0.0068,d253:0.0067,d215:0.0067,d062:0.0067,d250:0.0067,d088:0.0066,d087:0.0066,d263:0.0065,d123:0.0065,d186:0.0065,d164:0.0063,d194:0.0063,d226:0.0061,d024:0.0061,d131:0.0061,d192:0.0060,d119:0.0060,d073:0.0057,d125:0.0057,d269:0.0056,d319:0.0056,d063:0.0055,d280:0.0052,d029:0.0052,d055:0.0050,d136:0.0050,d234:0.0049,d294:0.0049,d126:0.0049,d265:0.0048,d023:0.0048,d175:0.0047,d162:0.0047,d241:0.0047,d214:0.0045,d189:0.0043,d266:0.0043,d021:0.0042,d257:0.0042,d244:0.0041,d221:0.0041,d009:0.0040,d304:0.0040,d145:0.0040,d238:0.0039,d039:0.0038,d276:0.0037,d022:0.0036,d052:0.0035,d157:0.0035,d219:0.0032,d200:0.0032,d210:0.0031,d255:0.0030,d274:0.0029,d129:0.0028,d112:0.0027,d106:0.0027,d197:0.0027,d181:0.0027,d042:0.0027,d006:0.0026,d047:0.0024,d209:0.0024,d202:0.0024,d284:0.0023,d058:0.0023,d242:0.0023,d220:0.0023,d102:0.0023,d070:0.0023,d232:0.0023,d143:0.0022,d206:0.0022,d302:0.0022,d037:0.0021,d191:0.0021,d237:0.0021,d225:0.0021,d120:0.0021,d144:0.0021,d012:0.0021,d217:0.0021,d054:0.0021,d291:0.0020,d044:0.0020,d207:0.0020,d249:0.0020,d059:0.0020,d031:0.0020,d092:0.0020,d235:0.0018,d278:0.0018,d147:0.0018,d079:0.0018,d032:0.0017,d151:0.0017,d098:0.0017,d027:0.0016,d229:0.0015,d174:0.0015,d066:0.0014,d095:0.0014,d086:0.0014,d007:0.0014,d295:0.0013,d069:0.0013,d028:0.0013,d051:0.0013,d211:0.0013,d065:0.0013,d036:0.0012,d331:0.0012,d247:0.0012,d166:0.0012,d008:0.0012,d146:0.0012,d056:0.0012,d099:0.0012,d287:0.0011,d156:0.0011,d231:0.0011,d004:0.0011,d076:0.0011,d260:0.0011,d254:0.0010,d169:0.0010,d195:0.0010,d115:0.0010,d038:0.0010,d183:0.0010,d168:0.0010,d258:0.0010,d015:0.0010,d080:0.0009,d085:0.0009,d118:0.0009,d256:0.0009,d203:0.0009,d003:0.0009,d283:0.0009,d324:0.0009,d293:0.0009,d316:0.0009,d179:0.0008,d177:0.0008
q06	d329:0.2408,d297:0.2291,d026:0.1647,d029:0.1220,d025:0.1143,d233:0.1080,d257:0.1057,d069:0.0659,d186:0.0470,d303:0.0446,d077:0.0439,d302:0.0415,d004:0.0411,d012:0.0388,d154:0.0327,d166:0.0324,d023:0.0307,d139:0.0297,d211:0.0295,d215:0.0265,d225:0.0242,d021:0.0230,d265:0.0210,d208:0.0207,d060:0.0205,d231:0.0199,d245:0.0184,d236:0.0176,d220:0.0167,d070:0.0166,d192:0.0165,d110:0.0162,d003:0.0160,d081:0.0156,d134:0.0155,d237:0.0153,d319:0.0152,d270:0.0148,d044:0.0146,d170:0.0145,d104:0.0144,d212:0.0141,d247:0.0140,d128:0.0139,d209:0.0138,d202:0.0137,d163:0.0135,d061:0.0131,d034:0.0130,d079:0.0128,d205:0.0126,d129:0.0124,d098:0.0122,d018:0.0119,d193:0.0117,d041:0.0117,d262:0.0116,d087:0.0115,d046:0.0111,d234:0.0109,d305:0.0108,d116:0.0107,d033:0.0106,d039:0.0106,d052:0.0097,d251:0.0095,d199:0.0095,d294:0.0091
q07	d146:0.1252,d004:0.1103,d034:0.0882,d289:0.0737,d098:0.0500,d262:0.0496,d123:0.0493,d155:0.0461,d042:0.0456,d153:0.0452,d211:0.0439,d117:0.0421,d149:0.0414,d247:0.0397,d151:0.0397,d062:0.0393,d266:0.0390,d287:0.0384,d044:0.0376,d078:0.0376,d113:0.0368,d234:0.0365,d165:0.0355,d282:0.0350,d284:0.0345,d253:0.0302,d033:0.0301,d140:0.0293,d240:0.0281,d139:0.0269,d057:0.0265,d011:0.0260,d255:0.0240,d083:0.0236,d074:0.0236,d252:0.0231,d115:0.0211,d301:0.0208,d087:0.0204,d137:0.0203,d271:0.0202,d293:0.0201,d143:0.0198,d305:0.0192,d088:0.0189,d071:0.0185,d031:0.0184,d150:0.0183,d200:0.0182,d163:0.0174,d157:0.0171,d060:0.0167,d158:0.0166,d129:0.0160,d084:0.0156,d323:0.0138,d263:0.0127,d179:0.0124
q08	d110:0.1531,d251:0.1461,d117:0.1324,d108:0.1179,d005:0.1092,d292:0.0947,d180:0.0906,d106:0.0806,d028:0.0773,d107:0.0736,d246:0.0717,d271:0.0700,d205:0.0642,d235:0.0628,d115:0.0566,d144:0.0527,d269:0.0501,d304:0.0488,d121:0.0453,d211:0.0452,d030:0.0421,d208:0.0403,d089:0.0403,d125:0.0393,d075:0.0373,d070:0.0367,d091:0.0310,d312:0.0298,d294:0.0294,d130:0.0282,d083:0.0269,d104:0.0250,d019:0.0217,d189:0.0205,d198:0.0123,d043:0.0122,d224:0.0107,d192:0.0099,d138:0.0097,d151:0.0095,d142:0.0093,d327:0.0092,d062:0.0090,d044:0.0089,d059:0.0089,d282:0.0084,d215:0.0083,d232:0.0083,d221:0.0083,d226:0.0082,d045:0.0080,d290:0.0078,d081:0.0078,d037:0.0077,d127:0.0076,d063:0.0075,d270:0.0074,d082:0.0074,d122:0.0073,d155:0.0072,d196:0.0072,d266:0.0069,d202:0.0067,d207:0.0067,d008:0.0067,d099:0.0065,d113:0.0065,d210:0.0064,d216:0.0064,d278:0.0063,d126:0.0062,d093:0.0062,d148:0.0061,d201:0.0061,d040:0.0060,d022:0.0060,d223:0.0059,d123:0.0059,d197:0.0059,d213:0.0058,d250:0.0057,d264:0.0057,d024:0.0056,d080:0.0056,d288:0.0056,d133:0.0056,d236:0.0054,d274:0.0054,d046:0.0054,d050:0.0053,d009:0.0053,d095:0.0053,d240:0.0053,d118:0.0051,d219:0.0051,d170:0.0048,d001:0.0047,d301:0.0047,d013:0.0047,d135:0.0046,d035:0.0046,d209:0.0046,d281:0.0046,d237:0.0045,d255:0.0045,d131:0.0045,d096:0.0044,d079:0.0042,d320:0.0042,d296:0.0041,d200:0.0041,d325:0.0041,d076:0.0041,d129:0.0041,d308:0.0041,d073:0.0040,d193:0.0040,d195:0.0039,d286:0.0039,d287:0.0038,d078:0.0037,d015:0.0037,d087:0.0036,d085:0.0035,d042:0.0035,d039:0.0034,d305:0.0034,d038:0.0034,d241:0.0034,d323:0.0034,d263:0.0033,d182:0.0033,d164:0.0032,d316:0.0030,d203:0.0030,d190:0.0029,d225:0.0009,d124:0.0007,d034:0.0007,d206:0.0007,d074:0.0007,d103:0.0007,d064:0.0007,d051:0.0006,d306:0.0006,d248:0.0006,d261:0.0006,d174:0.0006,d026:0.0006,d253:0.0006,d101:0.0006,d149:0.0006,d260:0.0006,d314:0.0006,d006:0.0006,d069:0.0005,d319:0.0005,d097:0.0005,d054:0.0005,d291:0.0005,d265:0.0005,d111:0.0005,d120:0.0005,d330:0.0005,d244:0.0005,d307:0.0005,d309:0.0005,d147:0.0005,d228:0.0005,d212:0.0005,d168:0.0005,d160:0.0005,d053:0.0005,d329:0.0005,d077:0.0005,d284:0.0005,d119:0.0005,d102:0.0005,d109:0.0005,d322:0.0005,d017:0.0005,d217:0.0005,d153:0.0005,d088:0.0004,d303:0.0004,d317:0.0004,d098:0.0004,d233:0.0004,d047:0.0004,d194:0.0004,d048:0.0004,d165:0.0004,d262:0.0004,d161:0.0004,d257:0.0004,d220:0.0004,d114:0.0004,d218:0.0004,d060:0.0004,d055:0.0004,d283:0.0004,d143:0.0004,d136:0.0004,d267:0.0004,d086:0.0004,d179:0.0004,d184:0.0004,d007:0.0004,d116:0.0004,d275:0.0004,d318:0.0004,d268:0.0004,d191:0.0004,d158:0.0004,d254:0.0004,d280:0.0004,d222:0.0004,d065:0.0003,d071:0.0003,d140:0.0003,d052:0.0003,d152:0.0003,d199:0.0003,d285:0.0003,d279:0.0003,d163:0.0003,d227:0.0003,d242:0.0003,d175:0.0003,d298:0.0003,d313:0.0003,d020:0.0003,d302:0.0003,d068:0.0003,d231:0.0003,d293:0.0003,d311:0.0003,d049:0.0003,d100:0.0003,d094:0.0003,d230:0.0003,d021:0.0003,d276:0.0003,d137:0.0003,d289:0.0003,d067:0.0003,d229:0.0003,d145:0.0003,d033:0.0003,d328:0.0003,d066:0.0003,d003:0.0002,d239:0.0002,d273:0.0002,d112:0.0002,d295:0.0002,d181:0.0002,d243:0.0002,d321:0.0002,d300:0.0002,d072:0.0002,d029:0.0002,d002:0.0002,d247:0.0002,d166:0.0002,d297:0.0002,d171:0.0002,d023:0.0002,d272:0.0002,d061:0.0002,d252:0.0002,d032:0.0002,d214:0.0002,d176:0.0002,d084:0.0002,d169:0.0002,d172:0.0002,d012:0.0002,d132:0.0002,d183:0.0002,d258:0.0002,d234:0.0002,d162:0.0002,d105:0.0002,d157:0.0001,d177:0.0001,d139:0.0001
q09	d198:0.1667,d199:0.1481,d177:0.1146,d217:0.1020,d223:0.0965,d220:0.0726,d205:0.0636,d069:0.0299,d299:0.0286,d330:0.0249,d085:0.0244,d211:0.0237,d065:0.0230,d186:0.0230,d068:0.0225,d052:0.0224,d273:0.0220,d086:0.0218,d175:0.0217,d169:0.0215,d016:0.0203,d312:0.0203,d233:0.0196,d073:0.0175,d219:0.0174,d323:0.0171,d116:0.0171,d172:0.0165,d041:0.0161,d021:0.0159,d089:0.0158,d071:0.0157,d202:0.0151,d284:0.0147,d162:0.0144,d256:0.0143,d231:0.0137,d038:0.0128,d286:0.0126,d087:0.0126,d221:0.0115,d192:0.0114,d259:0.0113,d240:0.0109,d081:0.0108,d179:0.0106,d097:0.0104,d111:0.0101,d170:0.0101,d294:0.0100,d072:0.0099,d122:0.0098,d029:0.0098,d166:0.0097,d008:0.0096,d272:0.0091,d061:0.0091,d308:0.0091,d078:0.0087,d214:0.0086,d098:0.0085,d100:0.0084,d268:0.0084,d254:0.0083,d115:0.0082,d193:0.0081,d257:0.0079,d010:0.0078,d244:0.0077,d055:0.0077,d234:0.0076,d194:0.0075,d328:0.0073,d251:0.0066,d158:0.0064
q10	d231:0.0760,d060:0.0710,d100:0.0670,d036:0.0283,d034:0.0200,d052:0.0181,d072:0.0165,d031:0.0164,d030:0.0159,d215:0.0155,d314:0.0150,d233:0.0148,d281:0.0147,d079:0.0147,d091:0.0147,d285:0.0141,d068:0.0141,d170:0.0132,d221:0.0130,d092:0.0129,d069:0.0121,d305:0.0120,d099:0.0120,d142:0.0117,d124:0.0112,d085:0.0111,d235:0.0110,d295:0.0109,d042:0.0107,d040:0.0106,d035:0.0106,d294:0.0104,d288:0.0101,d258:0.0101,d122:0.0100,d212:0.0099,d076:0.0096,d220:0.0096,d201:0.0096,d282:0.0096,d279:0.0095,d114:0.0095,d113:0.0092,d246:0.0089,d064:0.0087,d327:0.0085,d217:0.0085,d330:0.0085,d093:0.0084,d044:0.0084,d059:0.0082,d117:0.0081,d024:0.0080,d109:0.0080,d244:0.0079,d202:0.0079,d048:0.0078,d194:0.0076,d308:0.0075,d020:0.0073,d118:0.0073,d260:0.0070,d263:0.0069,d254:0.0069,d165:0.0068,d012:0.0068,d041:0.0067,d125:0.0065,d010:0.0065,d026:0.0064,d256:0.0060,d179:0.0055,d177:0.0054,d198:0.0048,d077:0.0041,d151:0.0041,d313:0.0040,d058:0.0035,d192:0.0035,d154:0.0034,d167:0.0033,d323:0.0033,d329:0.0033,d268:0.0032,d001:0.0032,d159:0.0032,d322:0.0032,d057:0.0031,d054:0.0031,d283:0.0031,d021:0.0030,d137:0.0030,d065:0.0030,d071:0.0030,d029:0.0030,d152:0.0030,d216:0.0028,d205:0.0027,d214:0.0026,d271:0.0026,d325:0.0025,d223:0.0025,d172:0.0025,d018:0.0025,d132:0.0025,d230:0.0025,d130:0.0024,d289:0.0024,d009:0.0024,d168:0.0023,d022:0.0023,d015:0.0023,d264:0.0023,d310:0.0023,d328:0.0022,d174:0.0022,d303:0.0022,d232:0.0022,d045:0.0022,d066:0.0022,d259:0.0022,d280:0.0022,d203:0.0022,d110:0.0022,d095:0.0021,d301:0.0021,d299:0.0021,d219:0.0021,d273:0.0021,d240:0.0021,d086:0.0021,d081:0.0021,d316:0.0021,d248:0.0021,d237:0.0020,d319:0.0020,d063:0.0020,d097:0.0020,d135:0.0020,d204:0.0020,d291:0.0020,d211:0.0020,d312:0.0019,d141:0.0019,d307:0.0019,d014:0.0019,d190:0.0019,d331:0.0019,d247:0.0019,d209:0.0018,d101:0.0018,d171:0.0018,d255:0.0018,d131:0.0018,d126:0.0018,d146:0.0018,d056:0.0018,d074:0.0017,d023:0.0017,d173:0.0017,d061:0.0017,d320:0.0017,d218:0.0017,d017:0.0017,d073:0.0017,d129:0.0016,d250:0.0016,d107:0.0016,d148:0.0016,d144:0.0016,d115:0.0016,d193:0.0015,d027:0.0015,d262:0.0015,d025:0.0015,d257:0.0015,d133:0.0015,d249:0.0015,d016:0.0015,d229:0.0015,d055:0.0015,d046:0.0015,d185:0.0015,d136:0.0015,d138:0.0015,d234:0.0014,d080:0.0014,d039:0.0014,d175:0.0014,d241:0.0014,d003:0.0013,d324:0.0013,d293:0.0013,d251:0.0013,d199:0.0013
q12	d277:0.1819,d258:0.1488,d250:0.0890,d176:0.0846,d182:0.0835,d239:0.0715,d156:0.0678,d301:0.0613,d211:0.0522,d077:0.0473,d056:0.0465,d132:0.0399,d096:0.0378,d081:0.0346,d012:0.0319,d078:0.0317,d138:0.0315,d015:0.0295,d229:0.0257,d034:0.0227,d191:0.0213,d184:0.0188,d225:0.0182,d280:0.0181,d270:0.0177,d011:0.0175,d295:0.0171,d331:0.0169,d190:0.0158,d302:0.0151,d297:0.0150,d151:0.0147,d060:0.0143,d076:0.0136,d183:0.0134,d169:0.0133,d236:0.0133,d021:0.0127,d095:0.0123,d143:0.0122,d124:0.0119,d155:0.0117,d235:0.0117,d082:0.0116,d150:0.0113,d035:0.0113,d243:0.0113,d051:0.0112,d317:0.0110,d122:0.0107,d247:0.0106,d102:0.0100,d180:0.0096,d129:0.0094,d197:0.0090,d067:0.0086,d010:0.0085,d303:0.0079,d109:0.0077,d003:0.0076,d048:0.0075,d316:0.0074,d052:0.0074,d141:0.0070
q13	d277:0.0877,d049:0.0869,d219:0.0836,d056:0.0811,d239:0.0807,d276:0.0579,d258:0.0561,d222:0.0493,d272:0.0487,d205:0.0429,d317:0.0400,d055:0.0391,d271:0.0391,d194:0.0367,d309:0.0356,d070:0.0337,d303:0.0332,d241:0.0332,d042:0.0329,d043:0.0314,d286:0.0309,d099:0.0300,d221:0.0292,d040:0.0287,d285:0.0282,d126:0.0278,d281:0.0266,d288:0.0253,d026:0.0252,d047:0.0250,d060:0.0236,d297:0.0223,d262:0.0218,d165:0.0217,d292:0.0207,d015:0.0199,d311:0.0193,d289:0.0192,d245:0.0183,d310:0.0182,d136:0.0180,d269:0.0179,d087:0.0178,d100:0.0175,d019:0.0174,d183:0.0171,d161:0.0170,d249:0.0161,d190:0.0158,d290:0.0157,d170:0.0155,d305:0.0154,d248:0.0154,d200:0.0153,d106:0.0150,d237:0.0148,d157:0.0146,d050:0.0145,d142:0.0145,d130:0.0139,d037:0.0136,d129:0.0134,d138:0.0133,d162:0.0132,d243:0.0131,d274:0.0128,d061:0.0127,d174:0.0127,d189:0.0125,d002:0.0123,d013:0.0122,d124:0.0120,d164:0.0119,d329:0.0119,d119:0.0119,d018:0.0119,d022:0.0118,d075:0.0117,d159:0.0117,d139:0.0115,d028:0.0114,d135:0.0114,d313:0.0114,d051:0.0113,d235:0.0112,d079:0.0112,d312:0.0112,d088:0.0112,d150:0.0111,d259:0.0110,d059:0.0109,d122:0.0108,d046:0.0108,d263:0.0107,d191:0.0106,d240:0.0106,d179:0.0105,d246:0.0104,d171:0.0103,d270:0.0099,d253:0.0099,d244:0.0098,d072:0.0096,d304:0.0096,d212:0.0094,d123:0.0092,d141:0.0092,d094:0.0091,d148:0.0091,d074:0.0089,d257:0.0088,d113:0.0087,d156:0.0086,d096:0.0086,d147:0.0086,d182:0.0085,d250:0.0083,d098:0.0082,d323:0.0081,d033:0.0081,d012:0.0079,d280:0.0079,d193:0.0078,d016:0.0076,d324:0.0075,d118:0.0070,d256:0.0070,d318:0.0064,d007:0.0064,d103:0.0055,d058:0.0054,d215:0.0054,d173:0.0054,d228:0.0053,d287:0.0053,d017:0.0052,d180:0.0052,d107:0.0049,d225:0.0049,d319:0.0049,d322:0.0049,d064:0.0049,d063:0.0049,d204:0.0048,d327:0.0048,d211:0.0048,d153:0.0048,d186:0.0046,d029:0.0046,d117:0.0045,d143:0.0045,d128:0.0045,d255:0.0043,d077:0.0043,d298:0.0042,d218:0.0042,d210:0.0041,d172:0.0039,d158:0.0038,d230:0.0038,d224:0.0036,d236:0.0036,d145:0.0036,d185:0.0036,d234:0.0035,d227:0.0034,d232:0.0034,d045:0.0033,d105:0.0033,d306:0.0033,d273:0.0032,d316:0.0032,d198:0.0032,d052:0.0031,d001:0.0031,d238:0.0030,d291:0.0030,d300:0.0030,d307:0.0029,d014:0.0029,d233:0.0029,d166:0.0028,d202:0.0028,d226:0.0028,d101:0.0028,d279:0.0028,d149:0.0027,d160:0.0027,d163:0.0027,d284:0.0027,d083:0.0027,d023:0.0027,d102:0.0027,d278:0.0027,d216:0.0027,d314:0.0027,d020:0.0026,d302:0.0026,d004:0.0026,d214:0.0025,d196:0.0025,d330:0.0024,d121:0.0024,d197:0.0024,d144:0.0024,d266:0.0024,d021:0.0023,d024:0.0023,d067:0.0023,d152:0.0023,d229:0.0023,d080:0.0022,d188:0.0022,d184:0.0022,d085:0.0022,d328:0.0022,d203:0.0021,d003:0.0021,d293:0.0020,d134:0.0020,d294:0.0019
q14	d145:0.1202,d122:0.0979,d002:0.0948,d091:0.0945,d117:0.0944,d081:0.0920,d180:0.0912,d142:0.0908,d247:0.0884,d121:0.0779,d030:0.0730,d093:0.0729,d041:0.0667,d133:0.0658,d082:0.0644,d242:0.0638,d022:0.0619,d125:0.0597,d136:0.0582,d277:0.0578,d144:0.0570,d209:0.0558,d005:0.0555,d280:0.0545,d075:0.0539,d094:0.0498,d062:0.0466,d314:0.0459,d130:0.0406,d104:0.0381,d031:0.0363,d052:0.0305,d025:0.0295,d192:0.0286,d115:0.0284,d229:0.0283,d308:0.0277,d181:0.0276,d089:0.0268,d097:0.0261,d069:0.0260,d174:0.0250,d299:0.0249,d238:0.0224,d330:0.0217,d085:0.0212,d254:0.0209,d211:0.0206,d065:0.0201,d288:0.0200,d186:0.0200,d068:0.0196,d273:0.0191,d086:0.0190,d175:0.0188,d169:0.0187,d110:0.0184,d016:0.0177,d312:0.0176,d233:0.0171,d143:0.0167,d131:0.0153,d073:0.0152,d219:0.0152,d023:0.0150,d323:0.0149,d116:0.0149,d293:0.0148,d147:0.0145,d172:0.0144,d021:0.0139,d071:0.0137,d202:0.0131,d284:0.0128,d162:0.0126,d256:0.0125,d231:0.0120,d223:0.0115,d038:0.0111,d286:0.0109,d087:0.0109,d221:0.0100,d259:0.0099,d240:0.0095,d198:0.0093,d179:0.0092,d111:0.0088,d170:0.0087,d294:0.0087,d072:0.0087,d029:0.0085,d166:0.0084,d008:0.0084,d272:0.0079,d061:0.0079,d205:0.0076,d078:0.0076,d214:0.0075,d098:0.0074,d100:0.0073,d268:0.0073,d193:0.0070,d257:0.0069,d010:0.0068,d244:0.0067,d055:0.0067,d234:0.0066,d194:0.0065,d328:0.0064,d251:0.0057,d158:0.0056
q16	d184:0.1262,d132:0.1201,d250:0.1045,d176:0.0955,d277:0.0938,d239:0.0670,d081:0.0657,d229:0.0616,d095:0.0556,d279:0.0463,d056:0.0442,d150:0.0437,d034:0.0432,d156:0.0427,d096:0.0427,d078:0.0421,d191:0.0405,d024:0.0390,d236:0.0380,d306:0.0347,d280:0.0344,d086:0.0341,d301:0.0338,d329:0.0337,d097:0.0325,d295:0.0325,d158:0.0320,d071:0.0310,d190:0.0300,d077:0.0290,d083:0.0286,d297:0.0286,d147:0.0277,d060:0.0272,d231:0.0271,d254:0.0260,d076:0.0258,d165:0.0257,d169:0.0252,d133:0.0247,d021:0.0242,d152:0.0241,d182:0.0235,d143:0.0233,d138:0.0231,d235:0.0222,d293:0.0213,d049:0.0210
q17	d121:0.1789,d271:0.1772,d091:0.0986,d146:0.0588,d024:0.0515,d172:0.0514,d171:0.0418,d183:0.0386,d288:0.0380,d274:0.0287,d122:0.0242,d289:0.0240,d316:0.0236,d190:0.0225,d066:0.0218,d299:0.0213,d239:0.0213,d106:0.0207,d030:0.0184,d163:0.0180,d003:0.0172,d250:0.0165,d262:0.0155,d130:0.0154,d233:0.0152,d212:0.0151,d297:0.0146,d074:0.0142,d252:0.0139,d191:0.0131,d084:0.0130,d148:0.0128,d132:0.0126,d137:0.0123,d258:0.0119,d188:0.0116
q18	d192:0.3732,d194:0.2479,d210:0.2097,d230:0.1441,d201:0.1354,d222:0.1228,d207:0.1190,d111:0.1099,d209:0.1064,d203:0.1009,d223:0.0952,d216:0.0926,d219:0.0892,d197:0.0766,d322:0.0757,d208:0.0704,d055:0.0685,d198:0.0675,d211:0.0670,d276:0.0570,d220:0.0546,d301:0.0530,d195:0.0518,d213:0.0517,d061:0.0507,d200:0.0503,d215:0.0482,d221:0.0481,d191:0.0470,d212:0.0457,d193:0.0455,d202:0.0427,d199:0.0424,d163:0.0408,d206:0.0392,d236:0.0369,d142:0.0367,d303:0.0367,d304:0.0361,d224:0.0359,d218:0.0355,d266:0.0346,d214:0.0312,d122:0.0299,d053:0.0297,d227:0.0293,d251:0.0282,d225:0.0276,d109:0.0248,d319:0.0240,d279:0.0236,d205:0.0235,d296:0.0235,d204:0.0234,d129:0.0230,d196:0.0227,d028:0.0216,d124:0.0214,d078:0.0202,d260:0.0170,d217:0.0169,d182:0.0152,d058:0.0147,d174:0.0146,d110:0.0139,d246:0.0136,d248:0.0136,d315:0.0129,d253:0.0126,d071:0.0123,d160:0.0118,d240:0.0114,d302:0.0111,d020:0.0110,d177:0.0107,d275:0.0107,d098:0.0107,d268:0.0107,d330:0.0105,d172:0.0105,d072:0.0103,d123:0.0103,d027:0.0102,d002:0.0102,d137:0.0100,d089:0.0098,d282:0.0098,d249:0.0097,d164:0.0096,d242:0.0096,d235:0.0092,d280:0.0088,d241:0.0088,d271:0.0087,d052:0.0085,d048:0.0085,d286:0.0082,d116:0.0077,d316:0.0071
q19	d179:0.1900,d323:0.0502,d004:0.0458,d102:0.0425,d021:0.0421,d200:0.0351,d273:0.0321,d310:0.0282,d069:0.0276,d001:0.0275,d194:0.0270,d028:0.0248,d320:0.0235,d204:0.0234,d051:0.0233,d153:0.0232,d321:0.0230,d330:0.0230,d136:0.0223,d056:0.0219,d277:0.0210,d015:0.0196,d078:0.0187,d088:0.0187,d222:0.0182,d258:0.0175,d185:0.0174,d055:0.0165,d293:0.0155,d035:0.0152,d158:0.0147,d138:0.0141,d098:0.0124,d189:0.0119,d266:0.0118,d230:0.0118,d289:0.0115,d009:0.0114,d274:0.0107,d241:0.0104,d095:0.0103,d299:0.0102,d106:0.0099,d291:0.0094,d111:0.0093,d300:0.0093,d309:0.0092,d212:0.0090,d091:0.0090,d272:0.0084,d147:0.0082,d180:0.0081,d231:0.0080,d129:0.0079,d191:0.0078,d254:0.0077,d197:0.0076,d193:0.0075,d257:0.0073,d092:0.0072,d175:0.0067,d109:0.0065,d294:0.0058,d190:0.0057
q22	d258:0.1078,d277:0.0851,d011:0.0754,d145:0.0644,d239:0.0624,d056:0.0593,d049:0.0592,d319:0.0589,d266:0.0573,d176:0.0501,d297:0.0485,d159:0.0458,d287:0.0446,d223:0.0429,d149:0.0414,d331:0.0410,d327:0.0403,d010:0.0361,d197:0.0353,d184:0.0338,d057:0.0310,d014:0.0298,d286:0.0291,d138:0.0281,d169:0.0269,d135:0.0268,d100:0.0261,d004:0.0243,d020:0.0228,d240:0.0226,d330:0.0217,d164:0.0212,d072:0.0206,d158:0.0194,d121:0.0172,d225:0.0171,d157:0.0171,d270:0.0166,d096:0.0164,d064:0.0160,d250:0.0158,d132:0.0149,d127:0.0147,d299:0.0145,d086:0.0143,d302:0.0142,d007:0.0142,d146:0.0141,d069:0.0139,d151:0.0138,d147:0.0135,d152:0.0135,d153:0.0133,d140:0.0129,d035:0.0129,d190:0.0129,d233:0.0128,d183:0.0126,d229:0.0125,d236:0.0124,d092:0.0119,d095:0.0115,d102:0.0114,d182:0.0114,d116:0.0113,d124:0.0112,d098:0.0111,d155:0.0110,d082:0.0109,d243:0.0106,d051:0.0105,d317:0.0103,d055:0.0101,d122:0.0101,d247:0.0100,d305:0.0097,d328:0.0096,d280:0.0093,d303:0.0090,d180:0.0090,d078:0.0090,d109:0.0088,d129:0.0088,d048:0.0086,d067:0.0080,d003:0.0072,d316:0.0070,d052:0.0069,d141:0.0065,d320:0.0047,d252:0.0040,d321:0.0036,d137:0.0035,d200:0.0034,d188:0.0033,d101:0.0033,d242:0.0032,d074:0.0032,d298:0.0032,d260:0.0030,d325:0.0030,d107:0.0029,d172:0.0029,d213:0.0029,d042:0.0029,d025:0.0028,d133:0.0028,d249:0.0028,d022:0.0027,d136:0.0027,d221:0.0026,d228:0.0025,d241:0.0025,d150:0.0025,d306:0.0025,d206:0.0025,d267:0.0024,d081:0.0024,d329:0.0024,d246:0.0024,d134:0.0024,d248:0.0024,d181:0.0024,d179:0.0023,d322:0.0023,d177:0.0023,d238:0.0023,d217:0.0023,d054:0.0023,d291:0.0023,d300:0.0022,d207:0.0022,d065:0.0022,d071:0.0022,d178:0.0022,d212:0.0022,d209:0.0021,d171:0.0021,d160:0.0021,d163:0.0021,d077:0.0021,d062:0.0020,d023:0.0020,d272:0.0020,d281:0.0020,d216:0.0020,d218:0.0020,d113:0.0020,d210:0.0020,d156:0.0020,d073:0.0019,d032:0.0019,d019:0.0019,d231:0.0019,d214:0.0019,d076:0.0019,d275:0.0019,d268:0.0019,d084:0.0019,d094:0.0018,d093:0.0018,d144:0.0018,d115:0.0018,d193:0.0018,d222:0.0018,d257:0.0018,d089:0.0018,d024:0.0017,d125:0.0017,d046:0.0017,d143:0.0017,d185:0.0017,d304:0.0017,d234:0.0017,d015:0.0017,d167:0.0017,d323:0.0016,d085:0.0016,d227:0.0016,d162:0.0016,d105:0.0016,d283:0.0015,d293:0.0015,d251:0.0015,d199:0.0015,d294:0.0014,d139:0.0014
q23	d219:0.3680,d276:0.1255,d287:0.0406,d176:0.0367,d223:0.0356,d145:0.0343,d026:0.0328,d323:0.0315,d319:0.0307,d014:0.0280,d057:0.0276,d197:0.0234,d169:0.0223,d158:0.0192,d067:0.0160,d084:0.0158,d199:0.0157,d179:0.0142,d013:0.0133,d017:0.0132,d315:0.0124,d253:0.0122,d314:0.0121,d104:0.0119,d207:0.0119,d004:0.0116,d296:0.0111,d005:0.0110,d021:0.0107,d078:0.0104,d227:0.0104,d108:0.0104,d105:0.0102,d150:0.0101,d188:0.0100,d195:0.0098,d137:0.0094,d003:0.0094,d168:0.0092,d141:0.0091,d118:0.0086,d109:0.0084,d324:0.0082,d271:0.0082,d049:0.0080,d157:0.0079,d318:0.0032,d007:0.0032,d245:0.0030,d103:0.0027,d058:0.0027,d215:0.0027,d221:0.0027,d173:0.0027,d228:0.0027,d180:0.0026,d290:0.0025,d248:0.0025,d107:0.0025,d225:0.0025,d322:0.0024,d064:0.0024,d063:0.0024,d204:0.0024,d327:0.0024,d211:0.0024,d153:0.0024,d186:0.0023,d029:0.0023,d200:0.0023,d117:0.0023,d143:0.0022,d128:0.0022,d255:0.0022,d077:0.0022,d298:0.0021,d218:0.0021,d210:0.0021,d019:0.0020,d129:0.0020,d172:0.0019,d119:0.0019,d018:0.0019,d040:0.0019,d230:0.0019,d222:0.0019,d043:0.0018,d224:0.0018,d047:0.0018,d055:0.0018,d236:0.0018,d185:0.0018,d164:0.0018,d234:0.0018,d070:0.0017,d050:0.0017,d232:0.0017,d045:0.0017,d306:0.0016,d273:0.0016,d263:0.0016,d316:0.0016,d037:0.0016,d106:0.0016,d198:0.0016,d052:0.0016,d237:0.0016,d001:0.0016,d142:0.0015,d243:0.0015,d238:0.0015,d291:0.0015,d317:0.0015,d300:0.0015,d307:0.0015,d309:0.0015,d190:0.0014,d233:0.0014,d002:0.0014,d166:0.0014,d202:0.0014,d226:0.0014,d297:0.0014,d285:0.0014,d101:0.0014,d279:0.0014,d149:0.0014,d160:0.0014,d163:0.0014,d161:0.0014,d284:0.0014,d126:0.0014,d277:0.0014,d083:0.0013,d023:0.0013,d102:0.0013,d061:0.0013,d278:0.0013,d281:0.0013,d216:0.0013,d313:0.0013,d020:0.0013,d079:0.0013,d302:0.0013,d205:0.0013,d214:0.0013,d196:0.0012,d191:0.0012,d330:0.0012,d121:0.0012,d144:0.0012,d042:0.0012,d266:0.0012,d286:0.0012,d249:0.0012,d024:0.0012,d244:0.0011,d152:0.0011,d229:0.0011,d046:0.0011,d136:0.0011,d304:0.0011,d194:0.0011,d080:0.0011,d184:0.0011,d085:0.0011,d328:0.0011,d162:0.0011,d203:0.0010,d293:0.0010,d134:0.0010,d294:0.0009,d139:0.0009
q24	d213:0.1062,d219:0.0980,d198:0.0954,d202:0.0877,d211:0.0852,d129:0.0851,d276:0.0851,d220:0.0821,d243:0.0808,d210:0.0776,d208:0.0755,d151:0.0748,d224:0.0736,d223:0.0733,d192:0.0731,d282:0.0723,d201:0.0723,d221:0.0710,d209:0.0708,d207:0.0707,d199:0.0704,d274:0.0649,d060:0.0644,d216:0.0644,d215:0.0620,d222:0.0611,d074:0.0591,d099:0.0590,d061:0.0588,d195:0.0580,d194:0.0573,d303:0.0570,d225:0.0566,d088:0.0564,d098:0.0547,d200:0.0538,d212:0.0538,d240:0.0537,d042:0.0527,d255:0.0518,d193:0.0518,d034:0.0500,d218:0.0499,d080:0.0483,d205:0.0483,d112:0.0479,d196:0.0466,d135:0.0458,d197:0.0457,d203:0.0457,d253:0.0451,d028:0.0444,d031:0.0436,d083:0.0403,d281:0.0401,d096:0.0391,d123:0.0368,d040:0.0357,d262:0.0355,d217:0.0347,d289:0.0347,d181:0.0296,d237:0.0296,d214:0.0292,d044:0.0281,d265:0.0255,d311:0.0239,d206:0.0237,d165:0.0229,d319:0.0225,d142:0.0221,d177:0.0220,d204:0.0220,d067:0.0218,d229:0.0215,d072:0.0212,d234:0.0211,d002:0.0208,d039:0.0203,d242:0.0196,d263:0.0189,d078:0.0187,d294:0.0175,d266:0.0173,d286:0.0169,d055:0.0165,d116:0.0157,d316:0.0145
q25	d166:0.2011,d020:0.1544,d328:0.1352,d128:0.1301,d265:0.1235,d023:0.1232,d156:0.1196,d167:0.0866,d245:0.0740,d211:0.0593,d247:0.0564,d032:0.0507
q26	d152:0.2174,d143:0.0906,d291:0.0852,d228:0.0752,d318:0.0657,d190:0.0619,d116:0.0605,d066:0.0604,d293:0.0590,d147:0.0581,d322:0.0569,d316:0.0541,d095:0.0509,d171:0.0501,d052:0.0497,d273:0.0457,d136:0.0399,d208:0.0377,d002:0.0371,d206:0.0371,d131:0.0369,d241:0.0365,d231:0.0362,d183:0.0322,d105:0.0321,d109:0.0312,d092:0.0312,d300:0.0310,d235:0.0309,d174:0.0301,d007:0.0283,d279:0.0262,d149:0.0262,d292:0.0261,d094:0.0254,d161:0.0243,d098:0.0238,d017:0.0232,d197:0.0216,d306:0.0210,d164:0.0198,d138:0.0195,d323:0.0189,d283:0.0180,d219:0.0178,d173:0.0172,d210:0.0168,d312:0.0164,d179:0.0159,d212:0.0157,d012:0.0155,d224:0.0147,d287:0.0144,d079:0.0143,d275:0.0137,d290:0.0130,d027:0.0130,d133:0.0128,d168:0.0125,d217:0.0122,d015:0.0122,d033:0.0119,d140:0.0118,d014:0.0118,d036:0.0118,d029:0.0117,d178:0.0117,d175:0.0117,d331:0.0117,d117:0.0116,d003:0.0113,d284:0.0110,d277:0.0110,d005:0.0110,d215:0.0109,d265:0.0109,d062:0.0109,d102:0.0109,d113:0.0108,d199:0.0106,d141:0.0103,d129:0.0102,d107:0.0100,d182:0.0092,d305:0.0089,d263:0.0081
q27	d103:0.0840,d051:0.0777,d166:0.0756,d054:0.0646,d132:0.0523,d136:0.0426,d227:0.0423,d187:0.0422,d067:0.0407,d058:0.0402,d066:0.0392,d159:0.0380,d211:0.0380,d074:0.0376,d083:0.0373,d293:0.0373,d116:0.0357,d291:0.0355,d107:0.0348,d152:0.0315,d158:0.0314,d251:0.0298,d300:0.0290,d174:0.0281,d029:0.0280,d316:0.0274,d161:0.0266,d231:0.0265,d033:0.0262,d139:0.0256,d056:0.0253,d243:0.0243,d292:0.0234,d094:0.0227,d238:0.0225,d143:0.0219,d079:0.0216,d215:0.0215,d145:0.0211,d164:0.0209,d030:0.0209,d005:0.0200,d042:0.0199,d023:0.0199,d017:0.0199,d027:0.0197,d210:0.0194,d108:0.0189,d015:0.0185,d075:0.0184,d304:0.0178,d222:0.0174,d130:0.0174,d064:0.0172,d002:0.0170,d167:0.0162,d296:0.0161,d209:0.0157,d150:0.0155,d199:0.0155,d141:0.0150,d109:0.0149,d014:0.0140,d085:0.0134,d101:0.0132,d274:0.0130,d080:0.0130,d162:0.0125,d290:0.0122,d271:0.0119,d119:0.0117,d170:0.0113,d255:0.0104,d077:0.0104,d102:0.0102,d281:0.0102,d269:0.0097,d325:0.0094,d276:0.0089,d055:0.0086,d259:0.0080,d306:0.0078,d299:0.0078,d198:0.0076,d237:0.0075,d322:0.0074,d088:0.0072,d282:0.0066,d279:0.0066,d173:0.0064,d156:0.0063,d020:0.0063,d311:0.0061,d129:0.0061,d318:0.0060,d330:0.0059,d197:0.0058,d018:0.0058,d195:0.0058,d012:0.0058,d016:0.0055,d026:0.0054,d194:0.0053,d184:0.0052,d283:0.0049,d179:0.0047
q28	d136:0.1120,d316:0.0754,d291:0.0712,d174:0.0712,d066:0.0577,d056:0.0575,d159:0.0483,d279:0.0451,d147:0.0449,d161:0.0448,d094:0.0447,d015:0.0428,d164:0.0411,d079:0.0398,d145:0.0390,d322:0.0382,d080:0.0375,d152:0.0372,d029:0.0365,d035:0.0362,d264:0.0354,d027:0.0353,d143:0.0344,d075:0.0341,d212:0.0328,d102:0.0322,d292:0.0320,d237:0.0315,d002:0.0314,d070:0.0312,d173:0.0299,d296:0.0299,d295:0.0297,d083:0.0294,d321:0.0293,d042:0.0289,d037:0.0286,d327:0.0285,d067:0.0277,d309:0.0277,d162:0.0269,d226:0.0256,d271:0.0255,d289:0.0254,d193:0.0240,d033:0.0236,d132:0.0234,d165:0.0228,d273:0.0223,d139:0.0222,d263:0.0218,d085:0.0218,d186:0.0216,d191:0.0215,d160:0.0203,d086:0.0202,d275:0.0200,d198:0.0199,d107:0.0196,d252:0.0195,d168:0.0189,d194:0.0184,d183:0.0183,d259:0.0182,d254:0.0181,d328:0.0180,d267:0.0177,d241:0.0175,d246:0.0173,d153:0.0172,d141:0.0171,d099:0.0169,d243:0.0166,d129:0.0166,d211:0.0164,d260:0.0164,d098:0.0164,d008:0.0162,d329:0.0161,d072:0.0160,d233:0.0158,d057:0.0154,d270:0.0153,d310:0.0152,d312:0.0152,d084:0.0150,d294:0.0149,d031:0.0148,d276:0.0147,d109:0.0144,d047:0.0143,d055:0.0143,d306:0.0142,d299:0.0142,d240:0.0140,d248:0.0137,d058:0.0136,d283:0.0133,d054:0.0132,d012:0.0132,d046:0.0130,d013:0.0130,d231:0.0130,d269:0.0129,d106:0.0126,d048:0.0125,d185:0.0123,d064:0.0122,d115:0.0122,d303:0.0122,d297:0.0121,d077:0.0119,d170:0.0118,d298:0.0116,d026:0.0115,d060:0.0115,d331:0.0114,d180:0.0112,d190:0.0112,d131:0.0109,d120:0.0107,d278:0.0106,d216:0.0106,d144:0.0105,d019:0.0101,d125:0.0100,d123:0.0097,d304:0.0097,d169:0.0097,d195:0.0096,d089:0.0093,d305:0.0087,d049:0.0086,d110:0.0085,d230:0.0084,d293:0.0080,d052:0.0079,d018:0.0076,d088:0.0066,d111:0.0066,d022:0.0063,d221:0.0059,d114:0.0059,d010:0.0059,d045:0.0059,d206:0.0057,d239:0.0057,d219:0.0057,d063:0.0054,d307:0.0052,d071:0.0051,d103:0.0048,d235:0.0048,d314:0.0047,d150:0.0046,d250:0.0044,d318:0.0044,d330:0.0043,d148:0.0043,d189:0.0042,d133:0.0041,d016:0.0041,d009:0.0040,d236:0.0040,d188:0.0039,d184:0.0038,d116:0.0038,d220:0.0038,d175:0.0037,d290:0.0036,d324:0.0035,d069:0.0035,d001:0.0035,d179:0.0034,d097:0.0034,d011:0.0033,d065:0.0032,d014:0.0032,d091:0.0032,d247:0.0032,d202:0.0031,d101:0.0031,d149:0.0030,d277:0.0030,d023:0.0030,d061:0.0030,d281:0.0030,d313:0.0029,d287:0.0029,d210:0.0029,d096:0.0029,d108:0.0028,d100:0.0028,d325:0.0027,d053:0.0027,d121:0.0027,d197:0.0027,d119:0.0027,d093:0.0027,d262:0.0026,d222:0.0026,d130:0.0026,d021:0.0026,d286:0.0026,d087:0.0026,d137:0.0026,d249:0.0026,d024:0.0026,d244:0.0025,d234:0.0025,d039:0.0024,d256:0.0023,d003:0.0023
q29	d037:0.1704,d314:0.1513,d001:0.1303,d113:0.0953,d261:0.0895,d120:0.0697,d133:0.0661,d046:0.0492,d062:0.0484,d191:0.0445,d294:0.0442,d286:0.0419,d159:0.0326,d070:0.0293,d173:0.0281,d212:0.0248,d226:0.0240,d086:0.0190,d198:0.0186,d107:0.0184,d291:0.0178,d186:0.0172,d136:0.0167,d279:0.0163,d160:0.0162,d099:0.0159,d252:0.0156,d147:0.0154,d254:0.0145,d276:0.0138,d047:0.0134,d055:0.0134,d264:0.0131,d058:0.0127,d174:0.0126,d013:0.0122,d329:0.0118,d106:0.0118,d295:0.0117,d237:0.0117,d064:0.0115,d057:0.0113,d327:0.0113,d270:0.0113,d153:0.0112,d312:0.0111,d170:0.0110,d292:0.0110,d309:0.0109,d031:0.0108,d331:0.0107,d008:0.0105,d131:0.0102,d056:0.0101,d102:0.0100,d278:0.0100,d216:0.0100,d019:0.0095,d231:0.0095,d269:0.0095,d123:0.0091,d169:0.0091,d165:0.0090,d195:0.0090,d115:0.0090,d193:0.0089,d027:0.0088,d089:0.0087,d168:0.0085,d026:0.0084,d015:0.0083,d194:0.0082,d305:0.0082,d085:0.0081,d328:0.0081,d303:0.0079,d241:0.0078,d283:0.0076,d048:0.0076,d293:0.0075,d263:0.0075,d052:0.0074
q32	d025:0.1726,d090:0.1618,d139:0.1012,d031:0.0855,d067:0.0837,d145:0.0618,d254:0.0565,d140:0.0559,d092:0.0501,d282:0.0479,d015:0.0427,d305:0.0420,d324:0.0387,d141:0.0361,d317:0.0358,d072:0.0354,d226:0.0336,d284:0.0330,d083:0.0326,d011:0.0324,d059:0.0319,d279:0.0300,d172:0.0295,d314:0.0290,d006:0.0288,d060:0.0288,d252:0.0288,d268:0.0271,d053:0.0269,d018:0.0265,d042:0.0262,d235:0.0260,d227:0.0260,d262:0.0259,d222:0.0257,d105:0.0254,d184:0.0238,d271:0.0220
q34	d248:0.1103,d221:0.0150,d040:0.0145,d037:0.0140,d216:0.0138,d224:0.0137,d312:0.0137,d075:0.0128,d110:0.0125,d246:0.0120,d113:0.0117,d232:0.0113,d213:0.0107,d047:0.0102,d270:0.0102,d288:0.0100,d207:0.0099,d122:0.0097,d108:0.0097,d091:0.0096,d034:0.0094,d219:0.0090,d278:0.0090,d106:0.0090,d260:0.0089,d261:0.0089,d225:0.0088,d237:0.0087,d043:0.0084,d170:0.0082,d010:0.0082,d148:0.0082,d198:0.0081,d241:0.0080,d024:0.0078,d060:0.0075,d308:0.0075,d281:0.0075,d235:0.0073,d325:0.0069,d121:0.0068,d189:0.0068,d027:0.0067,d138:0.0067,d192:0.0067,d193:0.0066,d087:0.0065,d151:0.0063,d062:0.0062,d015:0.0062,d227:0.0061,d142:0.0061,d327:0.0060,d085:0.0060,d039:0.0060,d066:0.0060,d044:0.0059,d059:0.0058,d086:0.0057,d112:0.0057,d271:0.0057,d117:0.0057,d181:0.0056,d226:0.0055,d282:0.0055,d243:0.0054,d130:0.0054,d253:0.0054,d215:0.0054,d211:0.0054,d070:0.0054,d045:0.0053,d307:0.0053,d292:0.0053,d065:0.0052,d127:0.0052,d071:0.0052,d180:0.0051,d190:0.0051,d166:0.0051,d290:0.0051,d081:0.0050,d155:0.0050,d196:0.0050,d082:0.0050,d279:0.0049,d063:0.0048,d005:0.0048,d242:0.0048,d061:0.0048,d266:0.0048,d006:0.0047,d252:0.0047,d020:0.0047,d032:0.0046,d214:0.0045,d008:0.0045,d098:0.0045,d202:0.0044,d119:0.0044,d144:0.0043,d126:0.0043,d099:0.0042,d249:0.0041,d210:0.0041,d125:0.0041,d092:0.0041,d055:0.0041,d026:0.0040,d136:0.0040,d250:0.0040,d194:0.0039,d201:0.0039,d223:0.0039,d123:0.0039,d197:0.0039,d093:0.0038,d162:0.0038,d256:0.0038,d109:0.0037,d089:0.0037,d133:0.0037,d009:0.0036,d283:0.0036,d048:0.0036,d046:0.0036,d022:0.0036,d236:0.0036,d052:0.0035,d264:0.0035,d080:0.0035,d274:0.0034,d050:0.0034,d118:0.0033,d095:0.0033,d301:0.0033,d013:0.0033,d240:0.0032,d001:0.0031,d251:0.0031,d028:0.0031,d135:0.0030,d035:0.0030,d294:0.0029,d200:0.0029,d209:0.0028,d030:0.0028,d255:0.0027,d131:0.0027,d296:0.0027,d083:0.0027,d320:0.0027,d287:0.0026,d096:0.0026,d079:0.0026,d073:0.0026,d205:0.0026,d078:0.0026,d129:0.0025,d076:0.0025,d195:0.0024,d042:0.0024,d038:0.0024,d286:0.0023,d182:0.0023,d164:0.0022,d305:0.0022,d323:0.0022,d203:0.0021,d263:0.0020,d316:0.0020
q36	d321:0.1779,d257:0.1618,d023:0.1528,d265:0.1342,d247:0.1337,d277:0.1334,d150:0.1246,d328:0.0813,d156:0.0689,d020:0.0547,d107:0.0469,d167:0.0461,d219:0.0280,d151:0.0271,d223:0.0268,d214:0.0256,d069:0.0255,d268:0.0245,d076:0.0229,d110:0.0223,d077:0.0222,d013:0.0220,d320:0.0218,d060:0.0214,d010:0.0213,d198:0.0212,d211:0.0206,d222:0.0203,d051:0.0203,d054:0.0203,d270:0.0203,d323:0.0201,d071:0.0200,d292:0.0198,d083:0.0181,d210:0.0179,d205:0.0177,d231:0.0172,d131:0.0170,d100:0.0167,d197:0.0164,d230:0.0163,d094:0.0163,d276:0.0160,d288:0.0156,d092:0.0154,d007:0.0153,d274:0.0148,d259:0.0144,d095:0.0143,d256:0.0142,d267:0.0140,d081:0.0138,d295:0.0136,d310:0.0132,d102:0.0129,d111:0.0129,d207:0.0127,d059:0.0126,d029:0.0125,d290:0.0122,d202:0.0121,d226:0.0120,d319:0.0118,d203:0.0117,d298:0.0116,d170:0.0113,d309:0.0112,d068:0.0111,d031:0.0111,d229:0.0109,d055:0.0109,d103:0.0105,d279:0.0105,d255:0.0104,d041:0.0103,d272:0.0102,d281:0.0102,d208:0.0101,d125:0.0100,d079:0.0099,d015:0.0096,d316:0.0096,d191:0.0094,d175:0.0092,d262:0.0090,d294:0.0089,d049:0.0086,d136:0.0085,d199:0.0084,d033:0.0082,d192:0.0081,d306:0.0078,d283:0.0077,d271:0.0077,d248:0.0076,d157:0.0074,d322:0.0074,d035:0.0073,d253:0.0072,d088:0.0072,d186:0.0070,d149:0.0066,d284:0.0065,d313:0.0064,d218:0.0064,d017:0.0063,d302:0.0062,d019:0.0061,d250:0.0060,d275:0.0060,d260:0.0060,d119:0.0058,d093:0.0058,d012:0.0058,d115:0.0058,d189:0.0057,d266:0.0057,d027:0.0057,d021:0.0056,d286:0.0056,d067:0.0055,d244:0.0055,d182:0.0055,d046:0.0054,d143:0.0054,d138:0.0054,d085:0.0052,d235:0.0052,d162:0.0051,d109:0.0050,d003:0.0049,d158:0.0046,d141:0.0045
q37	d169:0.1724,d116:0.0964,d062:0.0599,d035:0.0398,d327:0.0394,d294:0.0383,d117:0.0373,d209:0.0368,d231:0.0333,d120:0.0320,d141:0.0245
q38	d263:0.0813,d036:0.0638,d294:0.0562,d118:0.0507,d239:0.0506,d039:0.0500,d051:0.0488,d317:0.0478,d161:0.0476,d229:0.0436,d260:0.0434,d058:0.0375,d067:0.0373,d066:0.0366,d312:0.0365,d138:0.0355,d109:0.0336,d255:0.0336,d296:0.0335,d277:0.0327,d056:0.0325,d031:0.0319,d270:0.0309,d258:0.0303,d325:0.0302,d284:0.0299,d151:0.0284,d235:0.0279,d311:0.0278,d084:0.0270,d169:0.0269,d305:0.0268,d025:0.0260,d250:0.0257,d225:0.0255,d249:0.0254,d092:0.0252,d096:0.0248,d011:0.0244,d331:0.0236,d280:0.0231,d236:0.0231,d155:0.0227,d082:0.0225,d190:0.0225,d095:0.0213,d302:0.0212,d122:0.0208,d180:0.0199,d035:0.0197,d132:0.0196,d183:0.0187,d197:0.0175,d124:0.0167,d078:0.0166,d129:0.0163,d243:0.0158,d247:0.0148,d182:0.0147,d102:0.0139,d176:0.0132,d316:0.0129,d010:0.0119,d303:0.0110,d003:0.0107,d043:0.0107,d048:0.0105,d052:0.0103,d198:0.0103,d141:0.0098,d075:0.0091,d224:0.0091,d192:0.0085,d110:0.0083,d246:0.0080,d062:0.0079,d142:0.0077,d327:0.0076,d044:0.0075,d059:0.0074,d117:0.0072,d226:0.0070,d282:0.0070,d130:0.0069,d215:0.0068,d221:0.0068,d070:0.0068,d232:0.0067,d045:0.0067,d127:0.0066,d108:0.0064,d290:0.0064,d081:0.0064,d037:0.0063,d196:0.0063,d063:0.0061,d266:0.0060,d207:0.0059,d091:0.0057,d008:0.0057,d202:0.0056,d126:0.0054,d099:0.0054,d278:0.0053,d216:0.0053,d113:0.0053,d210:0.0052,d201:0.0050,d223:0.0049,d123:0.0049,d213:0.0049,d148:0.0048,d093:0.0048,d040:0.0048,d089:0.0047,d133:0.0046,d024:0.0046,d009:0.0046,d288:0.0045,d046:0.0045,d022:0.0045,d264:0.0044,d080:0.0044,d274:0.0043,d050:0.0043,d301:0.0041,d013:0.0041,d219:0.0041,d240:0.0041,d237:0.0039,d001:0.0039,d251:0.0039,d028:0.0039,d135:0.0039,d170:0.0037,d200:0.0036,d209:0.0036,d030:0.0036,d131:0.0035,d083:0.0034,d320:0.0034,d308:0.0034,d281:0.0034,d287:0.0033,d079:0.0033,d073:0.0033,d205:0.0032,d076:0.0032,d121:0.0031,d195:0.0030,d042:0.0030,d193:0.0030,d038:0.0030,d286:0.0029,d087:0.0029,d164:0.0028,d015:0.0028,d323:0.0027,d085:0.0027,d203:0.0026,d241:0.0026
q40	d307:0.1409,d042:0.1050,d252:0.0939,d047:0.0890,d250:0.0848,d262:0.0846,d112:0.0789,d242:0.0696,d098:0.0684,d238:0.0595,d122:0.0551,d283:0.0538,d228:0.0518,d131:0.0487,d225:0.0466,d173:0.0465,d288:0.0432,d058:0.0411,d249:0.0375,d142:0.0367,d306:0.0358,d022:0.0339,d248:0.0336,d082:0.0333,d064:0.0331,d012:0.0328,d189:0.0323,d111:0.0319,d046:0.0314,d124:0.0305,d174:0.0289,d291:0.0286,d164:0.0283,d117:0.0271,d223:0.0270,d106:0.0269,d263:0.0266,d296:0.0259,d144:0.0257,d271:0.0255,d279:0.0254,d138:0.0246,d318:0.0235,d275:0.0231,d241:0.0230,d113:0.0226,d152:0.0215,d031:0.0201,d118:0.0200,d200:0.0198,d091:0.0198,d063:0.0181,d105:0.0179,d140:0.0174,d119:0.0168,d093:0.0168,d025:0.0164,d222:0.0162,d257:0.0162,d062:0.0161,d125:0.0159,d021:0.0157,d258:0.0156,d147:0.0154,d092:0.0154,d194:0.0148,d175:0.0147,d254:0.0146,d325:0.0146,d121:0.0146,d197:0.0146,d130:0.0140,d017:0.0133,d234:0.0133,d177:0.0129,d035:0.0123,d051:0.0122,d293:0.0120,d136:0.0114,d161:0.0111,d040:0.0096,d080:0.0089,d039:0.0087,d220:0.0087,d192:0.0086,d109:0.0084,d075:0.0080,d179:0.0079,d135:0.0078,d158:0.0077,d153:0.0076,d321:0.0076,d317:0.0075,d300:0.0075,d207:0.0075,d149:0.0070,d160:0.0070,d077:0.0069,d126:0.0069,d056:0.0069,d215:0.0069,d083:0.0069,d272:0.0068,d281:0.0068,d006:0.0067,d079:0.0066,d269:0.0065,d100:0.0063,d123:0.0062,d094:0.0062,d266:0.0061,d286:0.0059,d089:0.0059,d188:0.0056,d305:0.0056,d203:0.0053
q41	d174:0.0989,d268:0.0871,d150:0.0850,d291:0.0668,d128:0.0629,d121:0.0542,d036:0.0264,d014:0.0238,d050:0.0188,d306:0.0182,d330:0.0172,d195:0.0169,d209:0.0157,d272:0.0150,d017:0.0146,d079:0.0145,d223:0.0137,d177:0.0135,d266:0.0133,d092:0.0128,d236:0.0126,d310:0.0123,d227:0.0120,d192:0.0118,d228:0.0118,d007:0.0112,d159:0.0110,d088:0.0105,d309:0.0103,d140:0.0103,d122:0.0102,d200:0.0101,d091:0.0101,d297:0.0097,d101:0.0097,d279:0.0097,d161:0.0096,d077:0.0096,d056:0.0095,d023:0.0095,d099:0.0095,d102:0.0094,d210:0.0092,d156:0.0092,d078:0.0091,d004:0.0090,d311:0.0089,d260:0.0088,d094:0.0085,d012:0.0085,d115:0.0085,d189:0.0084,d027:0.0083,d130:0.0083,d257:0.0082,d087:0.0082,d137:0.0082,d249:0.0082,d055:0.0080,d184:0.0077,d039:0.0076,d175:0.0075,d162:0.0075,d203:0.0074,d105:0.0074,d263:0.0070,d316:0.0070,d157:0.0069,d199:0.0068,d158:0.0067,d294:0.0065
q42	d298:0.3047,d125:0.0578,d048:0.0523,d174:0.0490,d241:0.0400,d314:0.0398,d208:0.0317,d069:0.0295,d218:0.0246,d216:0.0244,d227:0.0235,d260:0.0231,d224:0.0218,d203:0.0209,d155:0.0199,d168:0.0189,d084:0.0189,d252:0.0174,d276:0.0172,d156:0.0172,d268:0.0153,d146:0.0150,d202:0.0148,d198:0.0147,d280:0.0146,d041:0.0146,d264:0.0146,d207:0.0141,d114:0.0140,d327:0.0139,d089:0.0139,d043:0.0137,d300:0.0136,d010:0.0136,d222:0.0134,d195:0.0128,d161:0.0126,d024:0.0126,d215:0.0125,d061:0.0125,d167:0.0121,d273:0.0121,d236:0.0121,d116:0.0117,d210:0.0116,d196:0.0116,d126:0.0113,d083:0.0112,d144:0.0111,d247:0.0109,d303:0.0108,d078:0.0107,d258:0.0104,d076:0.0104,d191:0.0103,d148:0.0102,d256:0.0102,d119:0.0101,d099:0.0100,d111:0.0100,d286:0.0097,d062:0.0092,d188:0.0091,d122:0.0088,d259:0.0087,d299:0.0086,d007:0.0085,d277:0.0084,d123:0.0083,d001:0.0082,d154:0.0081,d265:0.0080,d211:0.0080,d175:0.0079,d248:0.0079,d118:0.0079,d170:0.0078,d312:0.0078,d159:0.0076,d128:0.0075,d073:0.0074,d163:0.0073,d020:0.0072,d249:0.0072,d320:0.0071,d006:0.0070,d201:0.0066,d022:0.0061,d257:0.0061,d051:0.0060,d055:0.0060,d103:0.0060,d049:0.0059,d070:0.0058,d245:0.0058,d033:0.0057,d091:0.0057,d087:0.0057,d251:0.0056,d092:0.0056,d135:0.0055,d081:0.0055,d100:0.0054,d011:0.0054,d014:0.0052,d157:0.0052,d110:0.0051,d177:0.0051,d072:0.0050,d267:0.0050,d085:0.0049,d037:0.0049,d008:0.0048,d189:0.0048,d285:0.0047,d255:0.0047,d328:0.0047,d270:0.0046,d108:0.0046,d088:0.0046,d065:0.0045,d283:0.0044,d131:0.0042,d023:0.0041,d182:0.0041,d040:0.0041,d032:0.0039,d068:0.0039,d098:0.0038,d294:0.0037,d221:0.0037,d304:0.0034,d316:0.0034,d261:0.0034,d319:0.0033,d028:0.0033,d205:0.0033,d253:0.0032,d292:0.0032,d309:0.0032,d071:0.0032,d220:0.0031,d162:0.0031,d331:0.0030,d279:0.0030,d056:0.0029,d060:0.0028,d064:0.0028,d180:0.0028,d214:0.0027,d230:0.0027,d053:0.0027,d172:0.0026,d018:0.0026,d094:0.0026,d193:0.0025,d137:0.0025,d199:0.0025,d143:0.0024,d192:0.0024,d066:0.0024,d095:0.0024,d138:0.0024,d306:0.0024,d184:0.0024,d235:0.0023,d329:0.0023,d105:0.0023,d169:0.0022,d097:0.0022,d186:0.0021,d166:0.0021,d158:0.0021,d077:0.0020,d313:0.0019,d109:0.0019,d096:0.0019,d151:0.0018,d197:0.0018,d047:0.0016,d185:0.0016,d194:0.0016,d310:0.0016,d323:0.0016,d058:0.0016,d150:0.0015,d301:0.0015,d219:0.0015,d086:0.0015,d293:0.0015,d263:0.0014,d142:0.0014,d204:0.0014,d054:0.0014,d291:0.0014,d141:0.0014,d044:0.0014,d029:0.0013,d297:0.0013,d101:0.0013,d074:0.0012,d272:0.0012,d102:0.0012,d278:0.0012,d308:0.0012,d113:0.0012,d017:0.0012,d079:0.0012,d302:0.0012,d019:0.0012,d231:0.0012,d004:0.0012,d129:0.0012,d250:0.0011,d107:0.0011,d121:0.0011,d266:0.0011,d132:0.0011,d262:0.0011,d130:0.0011,d152:0.0010,d026:0.0010,d015:0.0010,d271:0.0009,d134:0.0009,d052:0.0009,d179:0.0009,d190:0.0008
q44	d029:0.1755,d185:0.0974,d164:0.0841,d239:0.0838,d254:0.0782,d105:0.0775,d246:0.0582,d314:0.0488,d085:0.0485,d193:0.0463,d126:0.0445,d148:0.0397,d182:0.0357,d167:0.0344,d003:0.0337,d071:0.0329,d215:0.0322,d117:0.0322,d267:0.0320,d073:0.0319,d271:0.0307,d170:0.0306,d060:0.0297,d181:0.0288,d191:0.0279,d252:0.0272,d059:0.0268,d203:0.0265,d278:0.0264,d067:0.0259,d046:0.0255,d042:0.0248,d304:0.0247,d016:0.0239,d262:0.0234,d130:0.0232,d325:0.0227,d305:0.0226,d184:0.0225,d048:0.0208,d055:0.0208,d139:0.0208,d177:0.0176,d247:0.0051,d155:0.0051,d205:0.0050,d253:0.0048,d220:0.0047,d162:0.0047,d331:0.0046,d024:0.0045,d064:0.0043,d020:0.0042,d051:0.0042,d230:0.0041,d043:0.0040,d224:0.0040,d091:0.0040,d236:0.0039,d116:0.0039,d199:0.0038,d192:0.0037,d066:0.0037,d154:0.0037,d095:0.0036,d138:0.0036,d306:0.0036,d329:0.0035,d268:0.0034,d159:0.0034,d169:0.0034,d097:0.0034,d135:0.0034,d189:0.0033,d041:0.0033,d111:0.0033,d011:0.0033,d186:0.0032,d014:0.0032,d166:0.0031,d077:0.0030,d146:0.0030,d303:0.0029,d313:0.0029,d109:0.0029,d210:0.0029,d096:0.0029,d108:0.0028,d151:0.0027,d123:0.0027,d197:0.0027,d245:0.0026,d294:0.0026,d276:0.0026,d087:0.0026,d089:0.0026,d092:0.0025,d047:0.0025,d194:0.0024,d310:0.0024,d323:0.0024,d058:0.0024,d259:0.0023,d280:0.0023,d150:0.0023,d110:0.0023,d301:0.0023,d219:0.0022,d086:0.0022,d293:0.0022,d263:0.0022,d037:0.0022,d198:0.0022,d069:0.0022,d001:0.0022,d251:0.0021,d142:0.0021,d204:0.0021,d327:0.0021,d054:0.0021,d270:0.0021,d291:0.0021,d312:0.0021,d088:0.0021,d141:0.0021,d044:0.0021,d300:0.0020,d207:0.0020,d065:0.0020,d297:0.0019,d101:0.0019,d103:0.0019,d131:0.0019,d161:0.0019,d277:0.0019,d265:0.0019,d074:0.0019,d023:0.0019,d272:0.0019,d102:0.0019,d061:0.0019,d308:0.0019,d218:0.0018,d113:0.0018,d017:0.0018,d079:0.0018,d302:0.0018,d032:0.0018,d068:0.0018,d019:0.0018,d231:0.0018,d004:0.0018,d129:0.0017,d250:0.0017,d098:0.0017,d196:0.0017,d107:0.0017,d121:0.0017,d144:0.0017,d266:0.0017,d132:0.0017,d222:0.0016,d257:0.0016,d249:0.0016,d125:0.0016,d152:0.0016,d026:0.0016,d258:0.0016,d015:0.0015,d328:0.0015,d256:0.0015,d241:0.0015,d283:0.0014,d134:0.0014,d052:0.0014,d049:0.0014,d179:0.0014,d190:0.0013
q45	d105:0.1427,d126:0.1129,d170:0.0910,d085:0.0851,d185:0.0805,d164:0.0720,d252:0.0673,d029:0.0576,d302:0.0498,d254:0.0495,d003:0.0378,d188:0.0370,d204:0.0370,d148:0.0331,d162:0.0322,d100:0.0303,d055:0.0277,d090:0.0266,d324:0.0246,d042:0.0207,d016:0.0199,d304:0.0193,d305:0.0189,d184:0.0188,d101:0.0163,d267:0.0152,d225:0.0146,d285:0.0130,d149:0.0129,d074:0.0126,d118:0.0125,d260:0.0117,d223:0.0116,d038:0.0111,d152:0.0107,d143:0.0106,d015:0.0104,d228:0.0099,d109:0.0097,d306:0.0097,d283:0.0095,d271:0.0095,d081:0.0094,d316:0.0094,d322:0.0092,d054:0.0089,d200:0.0085,d091:0.0085,d103:0.0082,d171:0.0081,d215:0.0080,d062:0.0080,d034:0.0078,d147:0.0077,d079:0.0077,d073:0.0076,d076:0.0074,d325:0.0073,d330:0.0072,d093:0.0072,d262:0.0070,d067:0.0068,d010:0.0068,d168:0.0067,d026:0.0067,d136:0.0067,d138:0.0066,d039:0.0064,d175:0.0063,d179:0.0058,d251:0.0057,d158:0.0056,d294:0.0055
q46	d133:0.1263,d122:0.0992,d081:0.0967,d091:0.0949,d121:0.0911,d013:0.0899,d145:0.0887,d321:0.0867,d030:0.0854,d093:0.0852,d094:0.0806,d082:0.0753,d022:0.0724,d125:0.0698,d180:0.0691,d002:0.0691,d117:0.0687,d136:0.0681,d144:0.0667,d005:0.0650,d280:0.0638,d247:0.0636,d075:0.0631,d142:0.0618,d041:0.0615,d066:0.0611,d156:0.0556,d062:0.0545,d314:0.0538,d097:0.0480,d130:0.0474,d104:0.0446,d088:0.0435,d188:0.0401,d171:0.0398,d242:0.0353,d009:0.0336,d181:0.0324,d105:0.0305,d150:0.0303,d219:0.0299,d174:0.0294,d277:0.0282,d051:0.0278,d153:0.0275,d178:0.0266,d238:0.0263,d077:0.0251,d115:0.0250,d215:0.0248,d288:0.0235,d308:0.0231,d325:0.0227,d192:0.0220,d110:0.0215,d168:0.0209,d152:0.0208,d143:0.0195,d131:0.0180,d157:0.0179,d023:0.0177,d293:0.0175,d147:0.0171,d190:0.0169,d254:0.0161,d089:0.0152,d052:0.0130,d213:0.0003,d151:0.0003,d146:0.0003,d267:0.0003,d272:0.0003,d076:0.0003,d223:0.0003,d320:0.0003,d274:0.0003,d214:0.0003,d315:0.0003,d312:0.0002,d329:0.0002,d155:0.0002,d198:0.0002,d231:0.0002,d159:0.0002,d028:0.0002,d201:0.0002,d154:0.0002,d301:0.0002,d245:0.0002,d208:0.0002,d289:0.0002,d330:0.0002,d069:0.0002,d073:0.0002,d205:0.0002,d004:0.0002,d064:0.0002,d236:0.0002,d217:0.0002,d275:0.0002,d044:0.0002,d313:0.0002,d058:0.0002,d292:0.0002,d018:0.0002,d220:0.0002,d186:0.0002,d017:0.0002,d114:0.0002,d189:0.0002,d228:0.0002,d233:0.0002,d068:0.0002,d167:0.0002,d306:0.0002,d239:0.0002,d202:0.0002,d098:0.0002,d124:0.0002,d240:0.0002,d268:0.0002,d103:0.0002,d229:0.0002,d120:0.0002,d169:0.0002,d106:0.0002,d172:0.0002,d056:0.0002,d099:0.0002,d195:0.0002,d012:0.0002,d322:0.0002,d113:0.0002,d060:0.0002,d048:0.0002,d204:0.0002,d020:0.0002,d327:0.0002,d270:0.0002,d211:0.0002,d249:0.0002,d175:0.0002,d303:0.0002,d111:0.0002,d011:0.0002,d317:0.0002,d129:0.0002,d065:0.0002,d199:0.0002,d260:0.0002,d100:0.0002,d015:0.0002,d331:0.0002,d047:0.0002,d107:0.0002,d323:0.0002,d264:0.0002,d027:0.0002,d160:0.0002,d256:0.0002,d087:0.0002,d074:0.0002,d221:0.0002,d050:0.0002,d244:0.0002,d182:0.0002,d006:0.0002,d046:0.0002,d304:0.0002,d234:0.0002,d316:0.0002,d302:0.0002,d194:0.0002,d086:0.0002,d176:0.0002,d112:0.0002,d116:0.0001,d250:0.0001,d246:0.0001,d037:0.0001,d248:0.0001,d261:0.0001,d318:0.0001,d191:0.0001,d177:0.0001,d319:0.0001,d123:0.0001,d063:0.0001,d135:0.0001,d165:0.0001,d291:0.0001,d283:0.0001,d021:0.0001,d257:0.0001,d309:0.0001,d024:0.0001,d134:0.0001,d071:0.0001,d140:0.0001,d010:0.0001,d049:0.0001,d183:0.0001,d212:0.0001,d185:0.0001,d138:0.0001,d209:0.0001,d158:0.0001,d226:0.0001,d297:0.0001,d285:0.0001,d101:0.0001,d184:0.0001,d149:0.0001,d126:0.0001,d235:0.0001,d039:0.0001,d173:0.0001,d061:0.0001,d278:0.0001,d216:0.0001,d118:0.0001,d298:0.0001,d241:0.0001,d109:0.0001,d003:0.0001,d032:0.0001,d108:0.0001,d324:0.0001,d271:0.0001,d251:0.0001,d148:0.0001,d040:0.0001,d132:0.0001,d193:0.0001,d262:0.0001,d025:0.0001,d294:0.0001,d286:0.0001,d055:0.0001,d026:0.0001,d258:0.0001,d090:0.0001,d033:0.0001,d162:0.0001,d045:0.0001,d203:0.0001,d095:0.0001,d273:0.0001,d290:0.0001,d295:0.0001,d179:0.0001,d057:0.0001,d054:0.0001,d253:0.0001,d307:0.0001,d207:0.0001,d072:0.0001,d014:0.0001,d031:0.0001,d036:0.0001,d029:0.0001,d166:0.0001,d128:0.0001,d282:0.0001,d279:0.0001,d163:0.0001,d161:0.0001,d296:0.0001,d284:0.0001,d265:0.0001,d083:0.0001,d102:0.0001,d281:0.0001,d034:0.0001,d252:0.0001,d287:0.0001,d210:0.0001,d096:0.0001,d019:0.0001,d269:0.0001,d196:0.0001,d084:0.0001,d053:0.0001,d197:0.0001,d119:0.0001,d266:0.0001,d038:0.0001,d137:0.0001,d092:0.0001,d164:0.0001,d080:0.0001,d305:0.0001,d328:0.0001,d227:0.0001,d263:0.0001,d141:0.0001,d139:0.0001
